# Gazetteer for prism-signal-observe, generated by scripts/build-geonames-gazetteer.py.
# Source: GeoNames (https://www.geonames.org), licensed CC BY 4.0.
# Newest source record: 2026-09-15. Places: 3277.
# id	name	lat	lon	feature	population	aliases
geonames:461727	Olenevka	45.38333	32.53333	PPLA3	1441	Караджи,Оленевка
geonames:505257	Urzuf	46.91495	37.10426	PPL	2904	Урзуф
geonames:538992	Kurakhivka	48.03064	37.37245	PPL	2600	Кураховка,Курахівка
geonames:613273	Lebedyn	50.58228	34.48258	PPLA3	23892	Лебедин
geonames:616196	Staryi Dobrotvir	50.23154	24.37701	PPL	1200	Старий Добротвір
geonames:616743	Druzhkivka	48.61995	37.52537	PPLA3	53977	Дружковка,Дружківка
geonames:617618	Pavlivka	47.24189	29.56943	PPL	1021	Павловка,Павлівка,Паўліўка
geonames:618542	Bolhan	48.14373	28.73097	PPL	1082	Болган
geonames:618835	Zhydachiv	49.3832	24.13918	PPLA3	10353	Жидачов,Жидачів,Жыдачив,Жыдачыў
geonames:686729	Vasylivka	47.44218	35.28213	PPLA2	12567	Василивка,Васильевка,Василівка,Васыливка,Васыліўка
geonames:686762	Ivano-Frankove	49.92167	23.72495	PPLA3	6223	Івана-Франковэ,Івано-Франкове,Ивано-Франково
geonames:686763	Hvozdavka Druha	47.88979	30.08836	PPL	1074	Гвоздавка Вторая,Гвоздавка Друга
geonames:686778	Zybiny	45.23674	34.64987	PPLA3	1220	Аргинчик,Зибини,Зыбины
geonames:686799	Zvirove	48.25057	37.12879	PPL	1037	Зверево,Звірове
geonames:686803	Zvenyhorodka	49.07765	30.96074	PPLA2	16490	Звенигородка
geonames:686808	Zvanivka	48.81204	38.07797	PPLA3	1345	Звановка,Званівка
geonames:686809	Zuivtsi	50.17696	33.75273	PPL	1307	Зуевцы,Зуївці
geonames:686810	Zuyivka	48.06014	38.24902	PPL	3269	Зуевка,Зуївка
geonames:686812	Zuya	45.05418	34.32152	PPLA3	6230	Зуя
geonames:686818	Zuhres	48.01428	38.26599	PPL	17871	Zuһres,Зугрес,Зугрэс,Зуһрес
geonames:686820	Zubra	49.76397	24.05079	PPL	4046	Зубра
geonames:686824	Zubrets	48.98943	25.29125	PPL	1567	Зубрец,Зубрець
geonames:686830	Zubivka	50.01565	33.69863	PPL	1057	Зубовка,Зубівка
geonames:686847	Zoziv	49.31612	29.0121	PPL	1883	Зозов,Зозыв,Зозів,Зозіў
geonames:686850	Zorkino	45.54762	34.71028	PPLA3	1099	Дулат,Зоркино,Зоркіне
geonames:686852	Zorynsk	48.41194	38.62361	PPL	7096	Зоринск,Зоринськ
geonames:686863	Zolotyi Potik	48.90672	25.3419	PPL	2363	Золотий Потік,Золотой Поток
geonames:686866	Zolotoye Pole	45.12774	34.99148	PPLA3	2543	Джайлав-Сарай,Золоте Поле,Золотое Поле,Цюрихталь
geonames:686868	Zolote	48.69516	38.51512	PPL	13007	Золоте,Золотое
geonames:686870	Zolotarivka	48.00398	38.18774	PPL	1240	Золотарёвка,Золотарівка
geonames:686875	Zolotonosha	49.66926	32.03637	PPLA2	27818	Золотоношæ,Золотоноша
geonames:686877	Zolotnyky	49.28692	25.38397	PPLA3	1789	Zоlоtnyky,Золотники
geonames:686895	Zolochiv	50.27331	35.97755	PPLA3	7744	Золачыў,Золочев,Золочів
geonames:686896	Zolochiv	49.8074	24.90376	PPLA2	22608	Золачыў,Золочев,Золочив,Золочів
geonames:686902	Znyats’ovo	48.48426	22.51467	PPL	1707	Znyats'ovo,Зняцьово
geonames:686906	Znob Novhorodske	52.26291	33.6016	PPLA3	1830	Зноб Новгородське,Знобь-Новгородское
geonames:686915	Znamyanka Druha	48.71157	32.59655	PPL	5038	Знаменка Вторая,Знам’янка Друга
geonames:686919	Znamyanka	48.72066	32.65822	PPLA2	22444	Знаменка,Знам’янка
geonames:686924	Mostove	47.4179	30.99232	PPL	2008	Мостове,Мостовое
geonames:686928	Zmiyiv	49.69689	36.36207	PPLA3	13737	Змиев,Зміїв
geonames:686932	Zlynka	48.48418	31.5383	PPLA3	4981	Злинка,Злынка
geonames:686937	Zlazne	50.93194	26.21581	PPL	1593	Zlаznе,Злазне,Злазнэ
geonames:686956	Zymohirya	48.58528	38.9375	PPL	9557	Zymoһir'ja,Зимогорье,Зимогір’я,Зымагір’я,Зымоһирья,Черкаське
geonames:686961	Zymna Voda	49.82625	23.88222	PPL	11365	Водяне,Зимна Вода
geonames:686963	Zimino	45.50797	33.51431	PPLA3	1000	Зимине,Зимино,Перецфельд
geonames:686967	Zhytomyr	50.26235	28.67913	PPLA	261624	Житомир,Житомиръ,Жытомир,Жытомір
geonames:686969	Zhvyrka	50.46597	24.26726	PPL	3562	Жвирка
geonames:686970	Zhvanets	48.54968	26.48744	PPL	1529	Zvаnеts,Жванец,Жванець
geonames:686992	Zhuravno	49.26002	24.28193	PPLA3	3302	Журавно,Жураўна
geonames:686997	Zhuravlykha	49.41702	30.34587	PPL	1293	Журавлиха,Жураўлыха
geonames:687001	Zhuravlivka	48.64127	28.72332	PPL	1360	Журавлёвка,Журавлівка,Жураўліўка,Самгородок
geonames:687005	Zhuravki	45.12629	35.21513	PPLA3	2666	Журавки,Жураўкы,Сеит-Эли
geonames:687009	Zhuravka	50.48108	32.5949	PPL	3012	Журавка
geonames:687014	Zhuravychi	50.98016	25.71931	PPL	1309	Журавичи,Журавичі,Журавычы
geonames:687044	Zhuky	49.67471	34.5019	PPL	1027	Жуки
geonames:687064	Mykolaivka	50.94141	34.37373	PPLA3	4457	Жовтневе,Жовтневое,Миколаївка,Николаевка
geonames:687065	Blahodatne	50.66365	24.24918	PPL	4652	Благодатне,Жовтневе
geonames:687069	Slobozhanske	50.1843	36.42403	PPL	1173	Жовтневе,Жовтневое,Слобожанське
geonames:687073	Pokrovske	49.64403	34.13317	PPL	2363	Жовтневе,Жовтневое,Покровское,Покровське
geonames:687075	Muksha Kytaihorodska	48.6701	26.61628	PPL	2170	Жовтневе,Жовтневое,Мукша Китайгородська
geonames:687080	Karakurt	45.64063	28.70511	PPL	2707	Жовтневе,Жовтневое,Каракурт
geonames:687088	Yezupil	49.04154	24.78102	PPL	2792	Єзупіль,Езуполь,Езупіль,Жовтень
geonames:687090	Petrovirivka	47.23792	30.32701	PPLA3	2954	Pеtrоvіrіvkа,Жовтень,Петроверовка,Петровірівка
geonames:687091	Zhovtantsi	49.99135	24.24477	PPLA3	3469	Жовтанци,Жовтанці
geonames:687092	Zhovnyne	49.38091	32.68108	PPL	1058	Жовнине,Жовнино
geonames:687093	Zhovkva	50.05751	23.97346	PPLA3	13852	Жовква,Жолква
geonames:687110	Zhniatyno	48.35368	22.59419	PPL	2243	Жнятино
geonames:687116	Zhmerynka	49.03523	28.11405	PPLA2	34498	Жмеринка
geonames:687155	Zavodske	48.99888	25.85369	PPL	3352	Заводское,Заводське
geonames:687170	Zherebkove	47.84021	29.87475	PPL	1967	Жеребкове,Жеребково
geonames:687191	Zhelyabovka	45.39877	34.75776	PPLA3	2669	Андреевка,Желябовка,Чая
geonames:687196	Zhovti Vody	48.34518	33.49743	PPL	42052	Жовта Ріка,Жовти Води,Жовті Води,Жолтие води,Жёлтые Воды
geonames:687198	Zhovte	48.64896	39.10942	PPL	1312	Жовте
geonames:687199	Zhovte	48.49555	33.54441	PPL	1797	Желтое,Жовте
geonames:687231	Zhdeniyevo	48.7734	22.97228	PPL	1102	Ждениево,Жденієво
geonames:687233	Zhdany	50.20149	33.21177	PPL	1004	Ждани,Жданы
geonames:687237	Zhdanivka	48.1532	38.25692	PPLA3	11867	Ждановка,Жданівка
geonames:687245	Zhashkiv	49.2459	30.09888	PPL	13242	Жашков,Жашків
geonames:687251	Zhadove	52.05257	32.69178	PPL	1246	Жадове,Жадове Друге,Жадове Перше,Жадово,Жадів
geonames:687256	Stara Zhadova	48.2	25.51667	PPL	2392	Стара Жадова,Старая Жадова
geonames:687277	Zhurivka	50.50193	31.77687	PPLA3	4868	Згуровка,Згурыўка,Згурівка
geonames:687284	Zernovoye	45.32364	34.48099	PPLA3	1023	Зернове,Зерновое,Якубовка
geonames:687292	Zinkiv	50.20987	34.35952	PPLA2	9514	Зеньков,Зіньків
geonames:687298	Zemlianky	48.1295	37.91331	PPL	1712	Землянки
geonames:687357	Ahronomiya	47.77007	31.31184	PPL	1035	Агрономия,Агрономія
geonames:687383	Zelenivka	46.71717	32.65697	PPL	5775	Зеленовка,Зеленівка
geonames:687389	Zelenohirske	47.87793	30.09844	PPL	1493	Зеленогірське
geonames:687391	Zelenogorskoye	45.01249	34.46848	PPLA3	1877	Зеленогорское,Зеленогірське
geonames:687392	Zelenodolsk	47.55498	33.65905	PPLA3	12692	Зеленодольськ
geonames:687417	Zelena	48.36385	26.73497	PPL	1980	Зелена
geonames:687432	Zdolbuniv	50.52205	26.24823	PPLA3	24501	Здалбуніў,Здолбунов,Здолбунів
geonames:687433	Zdovbytsia	50.499	26.24715	PPLA3	4858	Здовбиця
geonames:687449	Zboriv	49.66493	25.14019	PPLA2	6695	Зборов,Зборів
geonames:687455	Zbarazh	49.66157	25.77925	PPLA2	13746	Збараж
geonames:687468	Zaitseve	48.52675	38.07086	PPL	1162	Зайцеве,Зайцево
geonames:687469	Zaitseve	48.42832	35.6728	PPLA3	1095	Зайцеве,Зайцево
geonames:687470	Zaitseve	48.39478	38.02945	PPL	3995	Зайцеве
geonames:687495	Zavorychi	50.70587	31.14122	PPL	2241	Заворичи,Заворичі
geonames:687510	Zavydovo	48.39384	22.90402	PPL	1647	Zаvydоvо,Завидово
geonames:687516	Zavetnoye	45.32697	34.80837	PPLA3	1628	Заветное,Завітне,Саурчи
geonames:687517	Zavetnoye	45.12305	36.39965	PPLA3	1175	Заветное,Завітне,Яныш-Такил
geonames:687519	Zavet-Leninskiy	45.86258	34.3916	PPLA3	2222	Завет-Ленинский,Завіт-Ленінський,Кучук-Алкалы
geonames:687526	Zavallya	48.21674	30.01741	PPL	4623	Завалля,Завалье
geonames:687539	Zavodivka	47.22533	30.81498	PPL	1349	Заводовка,Заводівка
geonames:687547	Zavadka	48.787	23.12673	PPL	1087	Завадка
geonames:687556	Karolino-Buhaz	46.14439	30.53068	PPLA3	2241	Каролино-Бугаз,Кароліно-Бугаз
geonames:687557	Zatoka	46.07016	30.46265	PPL	1959	Затока
geonames:687562	Zatyshshya	47.33497	29.87797	PPL	3538	Затишшя
geonames:687569	Zasullia	49.991	33.02812	PPL	4544	Засулля
geonames:687574	Zapson	48.28034	22.47468	PPL	1799	Запсонь
geonames:687578	Zastavna	48.52137	25.8426	PPLA2	7896	Заставна
geonames:687585	Zashkiv	49.95376	23.98657	PPL	1411	Zаskіv,Зашков,Зашків,Зашкіў
geonames:687602	Zorya	45.99124	29.69234	PPL	5528	Зоря,Камчик
geonames:687620	Zarudchi	51.77341	25.52589	PPL	1190	Зарудчи,Зарудчі
geonames:687627	Zarozhany	48.41546	26.29894	PPL	3284	Зарожани,Зарожаны
geonames:687629	Zarih	49.81295	32.65603	PPL	1100	Зарог,Заріг
geonames:687645	Zarichchia	48.51828	24.64681	PPL	3832	Zаrіtstsja,Заречье,Заричя,Зарэчча,Заріччя,Зарѣча
geonames:687646	Zarichchia	48.28488	22.99232	PPLA3	3939	Зариччя,Заріччя
geonames:687652	Zarichne	51.81385	26.13085	PPLA3	7336	Заречное,Зарічне
geonames:687655	Zarechnoye	45.73636	34.48345	PPLA3	1820	Заречное,Зарічне,Камаджи
geonames:687656	Zarechnoye	44.85048	34.26426	PPL	2022	Заречное,Зарічне,Шумхай
geonames:687659	Zarichovo	48.77045	22.51968	PPL	2283	Заричово,Зарічово
geonames:687697	Zaporizke	47.6472	33.81143	PPL	1017	Запоризьке,Запорізьке
geonames:687700	Zaporizhzhya	47.85167	35.11714	PPLA	710052	Александровск,Запарожжа,Запорожье,Запорожје,Запоріжжя,Запоріжя,Олександрівськ
geonames:687726	Zaozerne	45.15816	33.27866	PPL	4332	Заозерне,Заозерное,Ялы-Мойнак
geonames:687739	Chermalyk	47.31448	37.80809	PPL	1908	Tsеrmаlyk,Заможное,Чермалик
geonames:687744	Zamostia	48.35372	25.42106	PPL	2106	Замостя
geonames:687772	Zaluzhzhia	48.3586	22.85247	PPL	1768	Залужжя
geonames:687787	Zaliztsi	49.80074	25.38387	PPL	2540	Заложцы,Залізці
geonames:687790	Zaliznyy Port	46.12337	32.29892	PPL	1528	Железный порт,Залізний Порт
geonames:687792	Zaliznytsia	51.69531	25.57198	PPL	1423	Зализниця,Залізниця
geonames:687796	Zaliznychne	47.64855	36.16715	PPL	1099	20-річчя Жовтня,Зализничне,Зализнични,Зализничное,Залізничне,Залізнычнэ
geonames:687797	Zaliznychne	45.74876	28.61436	PPL	3487	Болгарийка,Зализничное,Залізничне
geonames:687826	Zalishchyky	48.64098	25.7317	PPL	8928	Залещики,Заліщики
geonames:687828	Zalissia	51.5479	24.94876	PPL	1159	Залісся
geonames:687832	Zalazzia	51.72906	25.17076	PPL	1844	Залаззя
geonames:687841	Zakupne	49.11721	26.33256	PPL	1384	Закупне,Закупное
geonames:687872	Zahvizdia	48.92266	24.66356	PPLA3	3546	Zаhvіzdja,Загвоздье,Загвіздя
geonames:687901	Zahnitkiv	48.04749	28.88694	PPL	3024	Загнитков,Загнітків
geonames:687904	Zaaydarivka	49.56471	39.10109	PPL	1586	Заайдарівка,Загайдаровка
geonames:687905	Zahattia	48.39801	22.95036	PPL	2578	Zаhаttja,Загаття,Загатье
geonames:687933	Zachepylivka	49.20018	35.2375	PPLA3	3317	Зачепиловка,Зачепилівка,Зачэпыліўка
geonames:687948	Zabrod'	48.92712	22.45846	PPL	1250	Забродь
geonames:687958	Zabolottya	51.6299	24.25261	PPLA3	4333	Заболоття
geonames:687965	Zabolotiv	48.467	25.28523	PPL	3998	Забалоціў,Заболотов,Заболотів
geonames:687997	Pivdenne	46.62472	31.10182	PPL	32677	Пивдене,Південне,Южне,Южное
geonames:687998	Yuzhna Lomuvatka	48.43829	38.53116	PPL	3408	Южна Ломуватка
geonames:688000	Yuzhynets	48.53812	25.66149	PPL	1128	Южинец,Южинець
geonames:688022	Yuryivka	48.74323	36.01692	PPL	2193	Юрьевка,Юр’ївка
geonames:688023	Yurivka	48.50452	38.97841	PPL	2893	Юрьевка,Юр’ївка
geonames:688052	Yurkivka	49.01082	31.08797	PPL	2887	Юрковка,Юрківка
geonames:688073	Bunhe	48.2214	38.28365	PPL	13495	Бунге,Юнокомунарівськ
geonames:688077	Yunakivka	51.12262	35.0385	PPLA3	1741	Юнаковка,Юнаківка
geonames:688089	Katerynivka	48.55586	39.18277	PPL	16948	Катеринівка,Ювілейне
geonames:688101	Yevsuh	49.2056	39.31354	PPL	1740	Євсуг,Евсуг
geonames:688105	Yevpatoriya	45.20091	33.36655	PPLA2	107040	Євпаторія,Евпатория
geonames:688109	Yevhenivka	47.08707	32.90293	PPL	1176	Євгенівка,Евгеновка
geonames:688127	Yerky	48.98606	30.99579	PPL	3893	Ерки,Еркы,Эрки
geonames:688148	Yenakiyeve	48.23857	38.20403	PPL	76673	Єнакієве,Енакиево
geonames:688154	Yemilchyne	50.87185	27.80198	PPLA3	6162	Ємільчине,Емильчино,Ямільчынэ
geonames:688156	Yemelyanovka	45.53287	34.89624	PPLA3	1374	Джайтамгалы,Емельяновка,Омелянівка
geonames:688173	Yelyzavetivka	48.6187	34.64777	PPL	2339	Єлизаветівка,Елизаветовка,Лисаветівка
geonames:688191	Yelyzavethradka	48.80085	32.40433	PPL	1205	Єлизаветградка,Елизаветградка,Елызавэтградка
geonames:688221	Yelanets	47.69521	31.85222	PPL	4838	Єланець,Еланец
geonames:688264	Okhrimivka	46.50723	35.28781	PPL	2094	Охримовка,Охрімівка
geonames:688288	Yavoriv	49.93774	23.38355	PPLA2	12785	Јаворов,Яворов,Яворів
geonames:688297	Yavkyne	47.26913	32.61095	PPL	1391	Явкине,Явкино
geonames:688327	L’govskoye	45.09801	34.9577	PPLA3	1605	L'govskoye,Льговское,Льговське
geonames:688329	Yastrubynove	47.50562	31.39348	PPL	1243	Ястребиново,Яструбинове
geonames:688345	Yasnohirka	48.77369	37.55401	PPL	8030	Ясногорка,Ясногірка
geonames:688347	Yasna Polyana	48.74436	37.52769	PPL	2200	Ясна Поляна
geonames:688361	Yasky	46.50966	30.07587	PPL	4145	Яськи
geonames:688365	Yasinya	48.2726	24.36029	PPL	8559	Ясиня,Ясіня
geonames:688368	Yasynivka	48.13184	37.9446	PPL	3622	Ясиновка,Ясинівка
geonames:688373	Yasynuvata	48.12678	37.85924	PPLA3	37600	Јасинувата,Ясиноватая,Ясинувата
geonames:688376	Yashchykove	48.40287	38.73783	PPL	1766	Ящикове
geonames:688381	Yasenove Druhe	47.89931	30.01188	PPL	1919	Ясенове Друге,Ясеново Второе
geonames:688412	Yarove	46.04494	29.09588	PPL	1234	Гюлмян,Дюльмень,Ярове,Яровое
geonames:688423	Yaroslavka	46.07618	29.87163	PPL	1376	Ярославка
geonames:688440	Yarmolyntsi	49.19271	26.83437	PPLA2	7381	Ярмолинцы,Ярмолинці
geonames:688449	Yarkoye	45.6912	34.26323	PPLA3	1807	Бий-Су-Ковче,Ярке,Яркое
geonames:688453	Yaresky	49.83822	33.9126	PPL	3958	Яреськи
geonames:688501	Yampil’	51.94765	33.78759	PPL	7200	Yampil',Ямполь
geonames:688503	Yampil	49.96195	26.23867	PPL	1873	Ямполь,Ямпіль
geonames:688505	Yampil’	48.93555	37.95634	PPLA3	2302	Yampil',Ямполь,Ямпіль
geonames:688512	Yamnytsia	48.98618	24.70774	PPLA3	3223	Ямница,Ямниця
geonames:688532	Yalta	46.96098	37.27446	PPL	5519	Ялта
geonames:688533	Yalta	44.50218	34.16624	PPLA2	77003	Ялта
geonames:688544	Yakushyntsi	49.26063	28.36236	PPLA3	2463	Якушинци,Якушинці
geonames:688556	Yakovlivka	48.71189	38.14609	PPL	1330	Яковловка,Яковлівка
geonames:688587	Yahotyn	50.27535	31.76343	PPLA3	18995	Яготин
geonames:688602	Yahilnytsia	48.94145	25.749	PPL	1200	Ягельница,Ягільниця
geonames:688606	Yakhnyky	50.41708	33.25373	PPL	1339	Яхники,Яшники
geonames:688625	Yabluniv	48.40235	24.94038	PPL	2042	Яблонов,Яблунів,Яблуніў
geonames:688637	Yablunytsia	48.31107	24.48363	PPL	1986	Яблуница,Яблуниця
geonames:688661	Vyshchyi Bulatets	50.02997	32.90031	PPL	1144	Вищий Булатець,Высший Булатец
geonames:688663	Vyshchetarasivka	47.57106	34.88115	PPL	3651	Вищетарасівка,Высшетарасовка,Новоанастасьевка
geonames:688671	Vysotsk	51.72367	26.66025	PPLA3	1746	Висоцьк
geonames:688682	Vysoke	46.91985	33.09643	PPL	1030	Висока,Високе,Высокое
geonames:688689	Vysokopillya	47.4893	33.53056	PPL	4035	Високопілля,Высокополье,Кронау
geonames:688696	Vysokyi	49.89419	36.12384	PPLA3	10988	Високий
geonames:688717	Vyshkovo	48.04885	23.41986	PPL	8243	Вишково,Вышково
geonames:688723	Vyshhorod	50.58312	30.48566	PPLA2	33109	Вишгород,Вышгород,Вышгородского
geonames:688724	Vyshevychi	50.63051	29.40492	PPLA3	1538	Вишевичі,Вышевичи
geonames:688732	Dneprovka	45.71373	34.36256	PPL	2068	Выселки,Днепровка,Дніпровка,Чокраклы-Шейх-Эли,Шейх-Эли
geonames:688744	Vypasne	46.19092	30.25615	PPL	7675	Випасне
geonames:688746	Vynohradiv	48.14126	23.03623	PPL	25317	Виноградив,Виноградов,Виноградів,Вынаградзіў
geonames:688749	Vylok	48.11034	22.8389	PPL	3136	Вилок
geonames:688750	Vylkove	45.40279	29.5869	PPL	7712	Вилкове,Вилково,Вилків,Вылкавэ
geonames:688768	Vyhoda	48.93154	23.9089	PPL	2283	Вигода,Выгада,Выгода
geonames:688772	Vyhoda	46.61662	30.40325	PPLA3	4010	Вигода,Выгода
geonames:688786	Vyderta	51.733	25.02183	PPL	2313	Видерта,Выдерта
geonames:688805	Vvedenka	49.82372	36.50312	PPL	2628	Введенка,Ввэдэнка
geonames:688806	Vvedenka	46.17	29.53299	PPL	1015	Введенка,Веденское
geonames:688828	Vuhliar	48.01599	38.05886	PPL	1245	Вугляр
geonames:688840	Vrubivskyi	48.43611	39.10611	PPL	1258	Врубовский,Врубівський
geonames:688846	Vradiyivka	47.86425	30.58881	PPL	7956	Врадзііўка,Врадиевка,Врадиивка,Врадіївка
geonames:688860	Voznesensk	47.56218	31.33602	PPLA2	33442	Вознесенск,Вознесенськ
geonames:688865	Voznesenka	46.86884	35.463	PPL	4917	Вознесенка
geonames:688869	Voznesenka Persha	46.1316	29.47882	PPL	1044	Вознесенка Перша,Вознесенка-Первая
geonames:688871	Vozdvyzhivka	47.75203	36.08023	PPLA3	1324	Воздвижевка,Воздвижівка,Гарненьке,Шелехівка
geonames:688878	Voyutychi	49.55685	23.09394	PPL	2099	Воютичи,Воютичі
geonames:688892	Voinivka	48.70869	33.05802	PPL	1972	Войновка,Войнівка
geonames:688896	Voinyliv	49.12893	24.49198	PPL	2619	Войнилов,Войнилів
geonames:688899	Kopani	47.75964	38.33758	PPL	1102	Войковский,Войковський,Капаны,Керамзавода имени Войкова,Копани,Копаны,Копані
geonames:688903	Voykovo	45.51222	33.87482	PPLA3	1694	Айбар,Войкове,Войково
geonames:688904	Voykovo	45.38329	36.43739	PPLA3	4284	Войкове,Войково,Катерлез
geonames:688910	Voyevodske	48.06917	31.2275	PPL	1452	Воеводское,Воєводське
geonames:688915	Voiehoshcha	51.65681	25.09191	PPL	1740	Воегоща,Воєгоща
geonames:688931	Vozsiyatske	47.66047	32.11284	PPL	2185	Возсіятське,Воссиятское
geonames:688933	Voskresenske	47.01334	32.14542	PPL	4696	Воскресенское,Воскресенське
geonames:688956	Vorzel	50.5444	30.15305	PPL	6859	Ворзел,Ворзель,Ворзэль
geonames:688961	Vorozhba	51.17316	34.22665	PPLA3	6809	Ворожба
geonames:689003	Voronovytsya	49.10903	28.68681	PPLA3	6516	Вороновица,Вороновиця
geonames:689010	Voronivka	47.65591	31.41348	PPL	1394	Вороновка,Воронівка
geonames:689017	Voronkiv	50.22247	30.9001	PPLA3	4000	Vоrоnkіv,Варонькіў,Воронков,Вороньков,Вороньків
geonames:689020	Voronky	50.21488	33.02991	PPL	2000	Вороньки
geonames:689025	Voronizh	51.77572	33.45944	PPL	6560	Воронеж,Вороніж
geonames:689036	Vorokomle	51.70944	25.07188	PPL	1902	Ворокомле
geonames:689037	Vorokhta	48.29301	24.56393	PPL	4212	Ворохта
geonames:689041	Vorobyovo	45.32895	33.24654	PPLA3	1085	Воробйове,Воробьёво,Кудайгул
geonames:689058	Vonihove	48.07262	23.52433	PPL	2654	Вонигове,Вонігове
geonames:689106	Volovets	48.7109	23.1851	PPL	5128	Воловец,Воловець
geonames:689117	Voloske	48.31026	35.13875	PPL	1362	Волосское,Волоське
geonames:689144	Voloka	48.1971	25.93668	PPLA3	3035	Волока
geonames:689151	Nikol's’ke	47.20533	37.32139	PPLA3	7801	Nikol's'ke,Володарское,Володарське,Никольское,Нікольскае,Нікольське
geonames:689155	Vedmezhe	48.12483	39.59184	PPL	2727	Ведмеже,Володарск,Володарськ
geonames:689157	Volodarka	49.52501	29.91023	PPLA3	7355	Володарка
geonames:689159	Volochysk	49.53606	26.20681	PPLA2	18474	Валачыск,Волочиск,Волочиськ
geonames:689190	Vilne	47.63788	34.81667	PPL	5432	Вольное,Вільне,Просяна
geonames:689194	Vilne	45.98339	29.04914	PPL	1685	Ісерлія,Волное,Вольное,Вільне
geonames:689198	Volnovakha	47.6008	37.49358	PPLA2	21166	Волноваха
geonames:689200	Vilnohirsk	48.48416	34.01708	PPL	22079	Вольногорск,Вільногірськ
geonames:689203	Vilna Tereshkivka	49.18079	33.40123	PPL	1648	Вільна Терешківка,Терешковка
geonames:689225	Vovkovyntsi	49.20656	27.6556	PPL	2458	Вовковинці,Волковинцы
geonames:689274	Vovchyk	50.0772	33.18861	PPL	1346	Вовчик
geonames:689293	Vovchynets	48.45557	26.91654	PPL	1325	Вовчинець
geonames:689294	Staryy Vovchynets	48.0048	25.93288	PPL	2039	Старий Вовчинець,Старый Волчинец
geonames:689302	Vovchanski Khutori	50.29889	37.03332	PPL	1340	Вовчанські Хуторі,Волчанские Хутора
geonames:689304	Vovchansk	50.29078	36.94108	PPL	17459	Вовчанськ,Волчанск
geonames:689307	Voinka	45.8699	33.99138	PPLA3	4089	Воинка,Воїнка
geonames:689311	Vodyanske	48.40592	37.11209	PPL	1725	Водянское,Водянське
geonames:689321	Vodiane	47.48674	34.50246	PPLA3	5685	Водяне,Водяное
geonames:689349	Vodytsia	48.07143	23.95455	PPL	1882	Водиця
geonames:689363	Vlasivka	49.11832	33.27971	PPL	7587	Власовка,Власівка,Уласівка
geonames:689369	Vladychen	45.56374	28.60759	PPL	1587	Владичень,Импуцита
geonames:689374	Vladislavovka	45.16654	35.37268	PPLA3	3324	Владиславовка,Владиславівка,Ой-Кую
geonames:689378	Volodymyr-Volynskyi	50.85033	24.32119	PPLA2	37910	Владимир,Владимир-Волынский,Володимир,Володимир-Волинський
geonames:689401	Volodymyrivka	47.73391	37.3882	PPL	6047	Владимировка,Володимирівка
geonames:689405	Volodymyrivka	47.52299	32.92583	PPLA3	2793	Владимировка,Володимирівка
geonames:689416	Volodymyrivka	46.66132	35.15792	PPL	1033	Владимировка,Володимирівка
geonames:689428	Volodymyrets	51.41909	26.14353	PPLA3	9315	Валадымырэць,Владимирец,Володимирець
geonames:689431	Vyzyrka	46.68593	30.99912	PPLA3	1175	Визирка
geonames:689434	Vyzhnytsya	48.24482	25.18112	PPLA2	3976	Вижница,Вижниця
geonames:689437	Vyzhenka	48.21091	25.18183	PPL	1001	Виженка
geonames:689447	Vitrianka	48.54084	27.24763	PPL	1542	Ветрянка,Вітрянка
geonames:689452	Vytylivka	48.40452	25.80456	PPL	1032	Витилевка,Витилівка
geonames:689456	Vita-Poshtova	50.319	30.38084	PPL	1584	Вита-Почтовая,Віта-Поштова
geonames:689460	Vysunsk	47.26105	32.82324	PPL	2191	Висунск,Висунськ
geonames:689471	Vyshniaky	49.76079	33.31182	PPL	2108	Вишняки
geonames:689487	Vyshneve	50.38834	30.36809	PPLA3	42983	Вишневе,Вишневое,Вишнёвое
geonames:689488	Vyshneve	48.43691	33.91213	PPL	2340	Вишнëвое,Вишневе,Вишневи,Вышнэвэ,Ерастівка
geonames:689491	Vyshneve	45.80661	29.77381	PPL	1415	Вишневе,Вишнёвое,Карагач,Новий Карагач
geonames:689492	Vishennoye	45.14509	34.59691	PPLA3	1753	Вишенне,Вишенное,Мушаш
geonames:689499	Vyshnivets	49.90087	25.74384	PPL	3211	Вишневец,Вишнівець
geonames:689501	Vyshnivchyk	49.23143	25.37165	PPL	1134	Vysnіvtsyk,Вишневчик,Вишнівчик
geonames:689510	Vyshenky	50.2994	30.71952	PPL	2992	Вишенки,Вишеньки
geonames:689531	Vynohradove	46.36873	32.93838	PPLA3	4422	Vynоhrаdоvе,Виноградове,Виноградово
geonames:689538	Vynohradivka	47.19281	32.265	PPL	1388	Виноградовка,Виноградівка
geonames:689541	Vynohradivka	46.08029	29.12035	PPL	1629	Виноградовка,Виноградівка
geonames:689542	Vynohradivka	45.82822	29.38228	PPL	3306	Бургуджи,Виноградовка,Виноградівка
geonames:689543	Vynohradivka	45.67896	28.57571	PPL	3923	Виноградовка,Виноградівка,Курчий
geonames:689548	Vynohradne	47.22498	31.09896	PPL	1187	Виноградне
geonames:689549	Vynohradne	47.09391	37.68556	PPL	1738	Вайнберґ,Виноградне
geonames:689550	Vynohradne	45.80776	28.99473	PPL	2144	Виноградне,Виноградное,Самбатир,Хасан Батър,Хасан-Батир
geonames:689551	Vynohradne	45.29332	35.84451	PPLA3	1044	Виноградне,Виноградное,Чокул русский
geonames:689552	Vynohradne	44.48164	34.12422	PPL	1494	Виноградне
geonames:689554	Vynohradar	46.67999	30.34124	PPL	1710	Виноградар
geonames:689555	Vynohrad	49.23921	30.54705	PPLA3	1248	Vynоhrаd,Виноград
geonames:689558	Vinnytsya	49.2322	28.46871	PPLA	430091	Винница,Вінниця
geonames:689564	Vynnyky	49.81672	24.14417	PPL	19037	Винники,Вінники
geonames:689567	Vinkivtsi	49.03403	27.23135	PPLA2	6127	Виньковцы,Віньківці,Затонськ
geonames:689584	Vilnyansk	47.94768	35.44034	PPLA2	15044	Вольнянск,Вільнянськ,Красноармійське,Софіївка,Червоноармійське
geonames:689590	Vilkhovatyi	48.01245	24.17047	PPL	1365	Вільховатий
geonames:689595	Vilino	44.8456	33.67161	PPLA3	6960	Бурлюк,Вилино,Віліне
geonames:689625	Vikno	48.57129	25.97244	PPLA3	1592	Викно,Вікно
geonames:689653	Vetly	51.88554	25.13066	PPL	1826	Ветли
geonames:689672	Veselyi Podil	49.59581	33.2589	PPL	1196	Веселий Поділ,Веселый Подол
geonames:689690	Veselyy Kut	46.05437	29.28918	PPL	1797	Алекзюсверт,Веселий Кут,Весёлый Кут,Париж
geonames:689717	Veselynove	47.35688	31.23219	PPL	5785	Веселинове,Веселиново,Вэсэлынавэ
geonames:689736	Vesele	47.00973	34.91843	PPLA2	9719	Веселе,Весёлое
geonames:689740	Vesele	44.85521	34.87961	PPL	1675	Веселе,Веселое,Весёлое,Вэсэлэ,Кутлак
geonames:689746	Veselovka	45.37733	33.21385	PPLA3	1390	Веселiвка,Весёловка,Отары
geonames:689752	Veselynivka	50.24237	31.27365	PPL	1399	Веселиновка,Веселинівка
geonames:689757	Vesela Tarasivka	48.51444	39.07889	PPL	1368	Весела Тарасівка
geonames:689759	Vesela Hora	48.71043	39.25509	PPL	1197	Весела Гора,Веселая Гора
geonames:689764	Vesela Dolyna	46.23216	29.32385	PPL	1207	Весела Долина,Весёлая Долина,Кльостіц,Клястиця,Чага,Шага
geonames:689776	Veriatsia	48.16765	23.15808	PPL	2032	Веряця
geonames:689779	Vertiyivka	51.16553	31.85957	PPL	3849	Вертиевка,Вертіївка
geonames:689808	Verkhivtseve	48.48127	34.24003	PPL	10262	Верховцево,Верхівцеве
geonames:689817	Verkhovyna	48.15536	24.82986	PPLA2	5829	Верховина,Жаб'є
geonames:689821	Verkhorechye	44.69738	33.98696	PPLA3	1126	Бия-Сала,Верхоречье,Верхоріччя
geonames:689828	Verkhnia Vyznytsia	48.5447	22.74527	PPL	1440	Верхня Визниця
geonames:689830	Verkhnya Syrovatka	50.82902	34.95861	PPL	3669	Верх.Сыроватка,Верхня Сироватка
geonames:689834	Verchnia Rozhanka	48.7805	23.51545	PPL	1134	Верхня Рожанка,Верхняя Рожанка
geonames:689845	Verkhnia Krynytsia	47.48294	35.28238	PPL	1534	Верхня Криниця
geonames:689854	Verkhnia Bilka	49.81575	24.30328	PPL	1508	Верхня Білка,Верхняя Белка
geonames:689857	Verkhnyachka	48.82842	30.03662	PPL	3609	Верхнячка
geonames:689860	Verkhniy Yasenov	48.16156	24.94532	PPL	1205	Верхний Ясенов
geonames:689868	Verkhniy Rohachyk	47.25208	34.33557	PPL	5404	Верхний Рогачик,Верхній Рогачик
geonames:689874	Verkhnii Koropets	48.43167	22.78738	PPLA3	1362	Верхній Коропець
geonames:689875	Verkhni Vorota	48.74632	23.14324	PPL	2258	Верхни Ворота,Верхні Ворота
geonames:689881	Verkhni Petrivtsi	48.06657	25.70473	PPL	1610	Верхние Петровцы,Верхні Петрівці
geonames:689886	Verkhnii Bystryi	48.62888	23.52025	PPL	1249	Верхній Бистрий
geonames:689891	Verkhnye Vodyane	48.00384	23.9599	PPL	5272	Верхнее Водяное,Верхнє Водяне
geonames:689892	Verkhnie Synevydne	49.10307	23.59099	PPL	3555	Верхнее Синевидное,Верхнє Синьовидне
geonames:689900	Verkhnotoretske	48.224	37.87345	PPL	2819	Верхнеторецкое,Верхньоторецьке
geonames:689905	Verkhnosadove	44.68932	33.70207	PPLA3	2331	Верхнесадовое,Верхньосадове,Дуванкой
geonames:689916	Verkhnodniprovsk	48.65557	34.3262	PPL	15477	Верхнеднепровск,Верхньодніпровськ
geonames:689927	Verhulivka	48.39609	38.4918	PPL	1267	Вергулёвка,Вергулівка
geonames:689944	Veresayevo	45.30551	33.50004	PPLA3	1708	Вересаево,Вересаєве,Комзетовка,Курулу-Кенеге
geonames:689945	Verenchanka	48.54628	25.74077	PPLA3	3701	Vеrеntsаnkа,Веренчанка,Вэрэнчанка
geonames:689965	Verbove	47.42651	35.99285	PPL	1246	Vеrbоvе,Вербове,Вербови,Вербовое,Вэрбовэ
geonames:689969	Verbivka	49.487	36.83002	PPL	3507	Вербовка,Вербівка
geonames:689975	Verbivka	48.89772	24.26136	PPL	1038	Вербовка,Вербівка
geonames:689976	Shevchenkove	47.54366	32.52803	PPL	1228	Шевченкове,Шевченково
geonames:689980	Verbovets	48.1697	22.89969	PPL	1206	Вербовець
geonames:689993	Verblyany	50.04747	23.42189	PPL	2000	Вербляни,Вербляны
geonames:689997	Verbky	48.5865	35.89913	PPLA3	3822	Вербки
geonames:690009	Verbivka	49.41667	35.53333	PPL	3377	Вербівка
geonames:690024	Vepryk	50.37007	34.176	PPL	2916	Веприк
geonames:690032	Vendychany	48.6152	27.79394	PPL	3768	Вендичани,Вендичаны,Вэндычаны
geonames:690035	Velykoploske	47.01402	29.66876	PPLA3	3344	Великоплоске,Великоплоское
geonames:690038	Velyka Mykhaylivka	47.07847	29.85253	PPL	5303	Велика Михайлівка,Великая Михайловка
geonames:690040	Velykyy Bychkiv	47.96821	24.01061	PPL	9255	Великий Бичків,Великий Бычков
geonames:690041	Velyatyno	48.10822	23.31532	PPL	1576	Велятин,Велятино
geonames:690067	Velykotsk	49.34799	40.03328	PPL	1492	Великотск,Великоцьк,Пекло
geonames:690077	Velykomykhaylivka	47.96701	36.47087	PPLA3	1963	Великомихайловка,Великомихайлівка,Дібрівка
geonames:690080	Velykokomarivka	47.08588	29.6476	PPL	1278	Великокомаровка,Великокомарівка
geonames:690082	Velykodolynske	46.34642	30.57902	PPL	13856	Великодолинське
geonames:690099	Velykyi Trostianets	49.49764	34.53738	PPL	1137	Великий Тростянець
geonames:690106	Velykyi Rakovets	48.27368	23.14912	PPL	4545	Vеlykyi Rаkоvеts,Великий Раковец,Великий Раковець
geonames:690116	Velykyi Liubin	49.72244	23.73369	PPLA3	4528	Великий Любинь,Великий Любінь
geonames:690131	Velykyy Kuchuriv	48.1901	25.89593	PPL	1422	Великий Кучуров,Великий Кучурів
geonames:690132	Velykyi Kliuchiv	48.46436	24.94196	PPL	3290	Великий Ключів
geonames:690134	Velykyi Khutir	49.85707	32.10048	PPLA3	1948	Великий Хутір
geonames:690147	Velyki Sorochyntsi	50.02427	33.94326	PPLA3	4050	Vеlykі Sоrоtsyntsі,Большие Сорочинцы,Велики Сорочинци,Велики Сорочинцы,Великі Сорочинці,Вэлыкі Сарочынці
geonames:690152	Pohreby	49.25197	33.31873	PPL	1969	Погреби,Погребы
geonames:690155	Velyki Mosty	50.24318	24.14004	PPLA3	6286	Велики Мости,Великі Мости
geonames:690158	Velyki Luchky	48.41706	22.57257	PPLA3	9650	Vеlykі Lutsky,Велике Лучке,Великие Лучки,Великі Лучки
geonames:690161	Velyki Lazy	48.55824	22.39168	PPL	1426	Велики Лази,Великі Лази
geonames:690163	Velyki Krynky	49.45675	33.48552	PPL	2319	Вел.крынки,Великі Кринки
geonames:690164	Velyki Korovyntsi	49.98197	28.29531	PPL	2152	Велики Коровинци,Великі Коровинці
geonames:690165	Velyki Kopani	46.48935	32.97207	PPLA3	5464	Vеlykі Kоpаnі,Великие Копани,Великі Копані
geonames:690166	Velyki Komiaty	48.23741	22.97717	PPL	6772	Великі Ком’яти
geonames:690169	Velyki Kanivtsi	49.60473	32.34594	PPL	1397	Великие Каневцы,Великі Канівці
geonames:690174	Velyki Heyivtsi	48.50943	22.3315	PPL	1062	Велики Геивци,Великі Геївці
geonames:690182	Velyki Budyshcha	50.46266	34.14703	PPLA3	1110	Велики Будища,Великі Будища
geonames:690184	Velyki Birky	49.52456	25.75491	PPL	3395	Великие Бирки,Великие Борки,Великі Бірки,Вэлыкі Біркы
geonames:690189	Velykyi Dalnyk	46.47212	30.56285	PPLA3	7655	Велекий Дальник,Великий Дальник
geonames:690193	Velykyi Burluk	50.06135	37.38358	PPLA3	4821	Аслă Бурлук,Великий Бурлук,Великий Вурлук,Вэлыкы Бурлук
geonames:690197	Velykyy Bereznyy	48.8934	22.46121	PPL	7713	Великий Березний,Великий Березный,Великый Березный
geonames:690203	Velyka Znamianka	47.44536	34.35081	PPL	8989	Большая Знаменка,Велика Знам’янка
geonames:690208	Velyka Vyska	48.56112	31.85343	PPLA3	2491	Велика Виска
geonames:690221	Velyka Rublivka	49.89601	34.80068	PPLA3	1485	Велика Рублівка
geonames:690230	Velyka Pysarivka	50.42335	35.48299	PPLA3	5235	Велика Писарівка,Великая Писаревкæ,Великая Писаревка,Вэлыка Пысарыўка
geonames:690231	Velyka Pavlivka	50.2393	34.26945	PPL	1813	Велика Павлівка,Великая Павловка
geonames:690232	Velyka Palad	47.99954	22.88064	PPL	1824	Велика Паладь
geonames:690237	Velyka Novosilka	47.84281	36.83627	PPLA3	5235	Велика Єні-сала,Велика Новосилка,Велика Новосілка,Велика Янисоль,Велики Новоселка,Великий Янісоль,Вэлыка Навасілка,Вялікая Навасёлка,Салгир Єні Сала,Салгір-Єнісал
geonames:690243	Velyka Mechetnya	48.08733	30.59032	PPL	1353	Велика Мечетня,Великая Мечетня
geonames:690245	Velyka Luka	49.44768	25.59132	PPL	1225	Велика Лука,Великая Лука
geonames:690247	Velyka Lepetykha	47.17138	33.93147	PPL	8047	Большая Лепетиха,Велика Лепетиха,Великая Лепетиха
geonames:690249	Velyka Krucha	50.19282	32.56459	PPL	1886	Велика Круча,Великая Круча
geonames:690250	Velyka Dolyna	47.53364	33.71976	PPL	2784	Велика Долина,Велика Дрлина,Велика Костромка,Великая Долина
geonames:690253	Velyka Kopanya	48.19319	23.12915	PPL	3457	Велика Копаня
geonames:690256	Velyka Kardashynka	46.50856	32.6588	PPL	1443	Велика Кардашинка,Великая Кардашинка
geonames:690264	Velyka Hlusha	51.81586	25.0517	PPL	1610	Велика Глуша,Великая Глуша
geonames:690266	Velyka Dymerka	50.59107	30.901	PPLA3	9606	Велика Димерка,Великая Димерка,Великая Дымерка,Вэлыка Дымэрка
geonames:690267	Velyka Dobron	48.41979	22.38857	PPLA3	5607	Vеlykа Dоbrоn,Велика Добронь,Великая Добронь,Вэлыка Добрань
geonames:690271	Velyka Chernihivka	48.96169	39.41999	PPL	1460	Большечерниговка,Велика Чернігівка
geonames:690273	Velyka Burimka	49.61132	32.64133	PPL	2380	Велика Бурімка
geonames:690274	Velyka Buda	48.14793	26.0973	PPL	1291	Велика Буда,Великая Буда
geonames:690279	Velyka Berezovytsya	49.49869	25.61231	PPL	8391	Велика Березовиця,Великая Березовица
geonames:690281	Velyka Bilozerka	47.27572	34.68457	PPL	6200	Vеlykа Bіlоzеrkа,Велика Білозерка,Великая Белозерка,Великая Белозёрка
geonames:690283	Velyka Byihan	48.2476	22.57567	PPLA3	1893	Велика Бийгань
geonames:690284	Velyka Bakta	48.16154	22.66278	PPL	1047	Велика Бакта
geonames:690285	Velyka Bahachka	49.79819	33.72013	PPLA2	5488	Велика Багачка,Великая Багачка
geonames:690287	Velyka Andrusivka	49.05807	32.94658	PPLA3	1600	Вел.андрусовка,Велика Андрусівка
geonames:690288	Velyka Oleksandrivka	47.31888	33.29059	PPL	6654	Велика Олександривка,Велика Олександрівка,Великая Александровка,Вэлыка Алэксандрыўка,Новоолександрівка
geonames:690295	Velykosillya	48.1573	26.30032	PPL	1019	Великоселье,Великосілля
geonames:690296	Velbivno	50.35583	26.5698	PPL	1771	Вельбивне,Вельбівне,Вільбівне
geonames:690297	Velbivka	50.34922	34.03323	PPL	1381	Вельбовка,Вельбівка
geonames:690312	Bahacheve	49.01198	31.04659	PPL	15763	Багачеве,Багачево,Багачэвэ,Ватутино,Ватутіне
geonames:690319	Vasiutyntsi	49.4504	32.46419	PPL	1616	Васютинцы,Васютинці
geonames:690335	Vasyshcheve	49.83465	36.33123	PPL	5862	Васищеве,Васищево
geonames:690360	Vasylivka	48.52652	27.47376	PPL	1372	Василевка,Василівка
geonames:690389	Vasylivka	46.60835	30.30578	PPL	2068	Василовка,Василівка
geonames:690395	Vasylivka	45.64334	28.83298	PPL	3902	Вайсал,Василевка,Василівка
geonames:690396	Vasylivka	45.52175	29.16316	PPL	1220	Vаsylіvkа,Василевка,Василівка,Васыліўка
geonames:690397	Vasilyevka	45.13938	34.72291	PPLA3	1331	Васильевка,Василівка
geonames:690401	Vasyliv	48.6058	25.84324	PPL	1229	Василев,Василів
geonames:690411	Vasylkivka	48.20824	36.02214	PPLA3	12028	Васильковка,Васильківка
geonames:690412	Vasylkiv	50.18023	30.31189	PPLA3	37068	Васильков,Васильків,Васиљкив
geonames:690427	Vashkivtsi	48.4094	27.13221	PPL	3662	Вашковцы,Вашківці
geonames:690428	Vashkivtsi	48.38386	25.51751	PPL	5312	Вашковцы,Вашківці
geonames:690434	Vary	48.12278	22.70878	PPL	2998	Vаry,Вари
geonames:690448	Varvarivka	49.53797	35.20182	PPL	1912	Варваровка,Варварівка
geonames:690469	Varva	50.49858	32.72274	PPLA3	7689	Варва
geonames:690485	Vapnyarka	48.5311	28.747	PPL	7316	Вапнярка
geonames:690494	Vanchikivtsi	48.21571	26.44921	PPL	2656	Ванчиковцы,Ванчиківці
geonames:690509	Valky	49.83701	35.61393	PPLA3	10381	Валки
geonames:690515	Valeryanivka	47.63871	37.38117	PPL	1088	Валерьяновка,Валер’янівка
geonames:690520	Valyava	48.43491	25.84069	PPL	1521	Валява
geonames:690524	Bokovo-Khrustalne	48.15124	38.78043	PPL	11421	Боково-Хрустальне,Вахрушеве,Вахрушево
geonames:690544	Batiovo	48.36417	22.3989	PPL	2914	Батьево,Батьово
geonames:690545	Uzyn	49.82482	30.42487	PPLA3	11921	Узин
geonames:690548	Uzhhorod	48.6242	22.2947	PPLA	115449	Ужгарад,Ужгород
geonames:690556	Uyutnoye	45.19769	33.29796	PPLA3	4745	Отар-Мойнак,Уютне,Уютное
geonames:690571	Utkivka	49.79389	36.01867	PPL	1272	Утковка,Утківка,Уткіўка
geonames:690572	Utkonosivka	45.49523	28.95951	PPL	4318	Іон Георге Дука,Ердек-Бурну,Утконосовка,Утконосівка
geonames:690594	Ustyvytsia	49.86121	33.80328	PPL	2150	Устивица,Устивиця
geonames:690600	Ustynivka	47.95619	32.53938	PPLA2	3424	Устиновка,Устинівка
geonames:690604	Ustyluh	50.86118	24.15305	PPLA3	2060	Устилуг
geonames:690610	Ust-Chorna	48.32472	23.93439	PPL	1547	Усть-Чорна,Усць-Чорна
geonames:690619	Uspenivka	47.77803	36.40512	PPL	1422	Успеновка,Успенівка
geonames:690621	Uspenivka	47.06079	36.60589	PPL	1218	Успеновка,Успенівка
geonames:690625	Uspenivka	46.185	29.86392	PPL	2203	Успеновка,Успенська,Успенівка
geonames:690629	Uspenka	48.39077	39.16284	PPL	8550	Успенка,Успэнка
geonames:690630	Uspenka	47.72855	38.70695	PPL	1478	Успенка
geonames:690638	Ushomyr	50.86187	28.46918	PPLA3	1323	Ушеськ,Ушомир,Ушомыр
geonames:690648	Usatove	46.52893	30.64951	PPL	8483	Usаtоvе,Усатавэ,Усатове,Усатово
geonames:690656	Urozhaynoye	45.33625	35.06865	PPLA3	1119	Урожайне,Урожайное,Фернгейм
geonames:690669	Shyroke	48.09556	35.64948	PPL	1112	Уральське,Широке
geonames:690673	Uralo-Kavkaz	48.32129	39.80147	PPL	2472	Урало-Кавказ
geonames:690679	Nyzhni Petrivtsi	48.03055	25.72521	PPL	3004	Nyznі Pеtrіvtsі,Нижние Петровцы,Нижні Петрівці,Ныжні Пэтрыўці
geonames:690688	Uman	48.7501	30.21944	PPLA2	81525	Калинвар,Калингород,Куман,Уман,Умань,Умањ
geonames:690713	Blahovishchenske	48.32822	30.23619	PPLA2	6051	Благовещенское,Благовіщенське,Грушківський висілок,Ульяновка
geonames:690745	Ulychne	49.23164	23.64612	PPL	3671	Уличне,Улично
geonames:690756	Ulaniv	49.69512	28.13298	PPL	3038	Уланов,Уланів
geonames:690764	Ukromnoye	45.04272	34.00312	PPLA3	4567	Ново-Сарабуз,Укромне,Укромное
geonames:690771	Ukrayinsk	48.09777	37.36526	PPL	10655	Украинск,Українськ
geonames:690773	Ukrayinka	50.14317	30.74612	PPL	13636	Злодеевка,Игнатовка,Украинка,Українка
geonames:690784	Ukrayinka	46.82595	32.14239	PPL	1170	Украинка,Українка
geonames:690789	Ukrainka	44.8865	34.1407	PPL	2539	Украинка,Українка
geonames:690801	Uhroidy	50.86293	35.27823	PPL	1837	Угроеды,Угроїди
geonames:690804	Uhryniv	48.95549	24.694	PPLA3	3090	Угринів
geonames:690816	Uhlia	48.15082	23.62798	PPLA3	3117	Угля
geonames:690820	Uglovoye	44.82146	33.60452	PPLA3	3334	Аджи-Булат,Углове,Угловое
geonames:690822	Vuhlehirsk	48.31488	38.27179	PPLA3	7294	Вуглегірськ,Углегорск
geonames:690823	Vuhledar	47.77973	37.24999	PPLA3	14144	Вугледар,Угледар
geonames:690829	Udy	50.39082	36.05548	PPL	1402	Уди,Уды
geonames:690834	Udobne	46.37836	30.04545	PPL	1947	Удобне,Удобное,Хан-Кишло
geonames:690841	Udachne	48.24099	36.99243	PPLA3	1699	Удачне,Удачное
geonames:690855	Tyvriv	49.01206	28.50044	PPLA3	3953	Тиврів,Тывров
geonames:690870	Tysovets	48.17298	25.89877	PPL	3556	Тисовец,Тисовець
geonames:690873	Tysmenytsia	48.9036	24.84695	PPLA2	9287	Тисмениця
geonames:690875	Tysmenychany	48.77096	24.66449	PPL	2944	Тисменичани
geonames:690890	Tynne	50.60145	26.18486	PPL	4123	Тинне
geonames:690896	Desna	49.28166	28.54034	PPL	1300	Десна
geonames:690906	Tyachiv	48.01092	23.57168	PPLA2	9019	Тячeв,Тячів
geonames:690918	Tuzly	45.86504	30.09773	PPL	1914	Тузли,Тузлы
geonames:690931	Turiatka	48.04474	26.14471	PPL	1908	Турятка
geonames:690932	Turia Poliana	48.701	22.80458	PPL	1455	Туря Поляна,Тур’Я Поляна,Тур’я Поляна
geonames:690933	Tur'ya Pasika	48.68507	22.68368	PPL	3340	Тур'я Пасіка,Туря Пасика
geonames:690934	Turia-Bystra	48.65744	22.81154	PPL	1453	Туря-Бистра,Тур’Я-Бистра,Тур’я-Бистра
geonames:690960	Turka	49.15355	23.02934	PPLA3	7395	Турка
geonames:690963	Turiisk	51.08724	24.5262	PPLA3	5808	Турийськ,Турійськ
geonames:690966	Turytsia	48.72732	22.63884	PPL	1098	Туриця
geonames:690967	Tur'i Remety	48.7155	22.59079	PPL	3340	Тур’ ї Ремети
geonames:690973	Turgenevka	44.69747	33.83007	PPL	1359	Теберти,Тургеневка,Тургенєвка
geonames:690985	Turbiv	49.34078	28.71831	PPLA3	6166	Турбив,Турбов,Турбів,Турбіў
geonames:690997	Tupychiv	51.77001	31.43271	PPLA3	2142	Тупичев,Тупичів
geonames:691016	Tulchyn	48.67397	28.86848	PPLA2	15011	Нестервар,Тульчин
geonames:691019	Tukhlia	48.91634	23.47386	PPL	1826	Тухля
geonames:691037	Oleshky	46.62553	32.72426	PPLA2	24639	Алешки,Алёшки,Олешки,Цюрупинск,Цюрупинськ
geonames:691051	Tsybulivka	48.38637	29.11759	PPL	1888	Цибулевка,Цибулівка
geonames:691052	Tsybli	49.99352	31.56234	PPLA3	3512	Циблі
geonames:691059	Tsvetochnoye	45.08655	34.38521	PPLA3	2681	Новая Бурульча,Цветочное,Цвіточне
geonames:691060	Tsvitne	48.95623	32.49926	PPL	1137	Цветная,Цветное,Цвітна,Цвітне
geonames:691062	Tsvitkove	49.1549	31.53192	PPL	1157	Свобода,Цветково,Цвіткове,Цвітковэ
geonames:691073	Tsupivka	50.27004	36.18167	PPL	1010	Цуповка,Цупівка
geonames:691077	Tsukuryne	48.08376	37.30982	PPL	1745	Цукурине,Цукурино
geonames:691084	Tsyrkuny	50.08438	36.38724	PPLA3	6284	Циркуни,Циркуны
geonames:691086	Tsyr	51.82142	25.28608	PPL	1207	Цир
geonames:691096	Tsybuleve	48.8138	32.49243	PPL	1797	Цибулеве,Цибулево
geonames:691097	Tsybuliv	49.07185	29.84459	PPL	3469	Цибулев,Цибулів,Цыбуліў
geonames:691149	Tsebrykove	47.14665	30.10792	PPLA3	2806	Гофнунгсталь,Цебрик,Цебрикове
geonames:691155	Tsarychanka	48.94186	34.48601	PPLA2	7328	Царичанка,Царычанка
geonames:691179	Truskavets	49.28067	23.50365	PPLA3	28287	Трускавец,Трускавець
geonames:691186	Trukhaniv	49.05833	23.64062	PPL	1761	Труханов,Труханів
geonames:691196	Trudove	45.61865	29.39804	PPL	1505	Дракуля,Трудове,Трудовое
geonames:691230	Troyitske	47.6394	30.29025	PPL	2314	Троїцьке
geonames:691255	Trostyanets	50.48478	34.96567	PPL	19544	Тростянец,Тростянець
geonames:691264	Trostyanets	48.50915	29.22742	PPL	7584	Тростянец,Тростянець
geonames:691279	Troitske	49.91202	38.28421	PPLA3	7144	Троицкое,Троїцьке
geonames:691286	Troyitske	47.3349	31.73802	PPL	1518	Троицкое,Троїцьке
geonames:691291	Troyitske	46.54168	30.02346	PPL	5178	Троицкое,Троїцьке
geonames:691292	Troyitsko-Safonove	47.67612	32.86596	PPL	1335	Троицко-Сафоново,Троїцько-Сафонове
geonames:691305	Trypillia	50.11802	30.78141	PPL	3000	Trypіllja,Трипиља,Триполье,Трипоље,Трипілля,Трыпілля
geonames:691310	Trykraty	47.71678	31.4064	PPL	2009	Трикрати,Трикраты
geonames:691313	Trykhaty	47.13985	31.82077	PPL	1110	Трихати,Трихаты
geonames:691318	Tryduby	48.07558	30.41274	PPL	2157	Тридуби,Тридубы
geonames:691331	Tryokhizbenka	48.75739	38.96507	PPL	2054	Trоh’іzbеnkа,Трехизбенка,Трьохізбенка
geonames:691336	Trebukhiv	50.48432	30.90304	PPL	6207	Требухов,Требухів
geonames:691339	Trapivka	45.794	29.69931	PPL	1068	Траповка,Трапівка
geonames:691355	Toshkivka	48.78303	38.56332	PPL	4926	Тошковка,Тошківка
geonames:691356	Torun	48.67289	23.60204	PPL	1344	Торунь
geonames:691358	Torske	49.01725	37.96133	PPL	1653	Торское,Торське
geonames:691365	Torkanivka	48.32094	29.15567	PPL	1061	Торкановка,Торканівка
geonames:691374	Chystyakove	48.03876	38.59685	PPL	53462	Аляксеева-Лявонава,Аляксееўка,Олексієве-Леонове,Олексіївка,Тарэз,Топез,Торез,Часткове,Чистяково,Чысьцякова
geonames:691378	Torchyn	50.76605	25.00057	PPLA3	4555	Торчин
geonames:691384	Topory	49.6504	29.31739	PPL	1109	Топори,Топоры
geonames:691386	Toporivtsi	48.38575	26.09087	PPL	4425	Топоровцы,Топорівці
geonames:691410	Topaly	47.60179	29.29804	PPL	1224	Топали
geonames:691416	Tomyna Balka	46.62436	32.30784	PPL	1145	Томина Балка
geonames:691422	Tomashpil	48.53695	28.51295	PPL	5463	Томашполь,Томашпіль
geonames:691428	Tomashhorod	51.36975	27.06831	PPL	2442	Томашгород
geonames:691435	Tomakivka	47.81081	34.74324	PPL	6828	Тамакіўка,Томаковка,Томаківка
geonames:691444	Tovste	48.84586	25.7256	PPL	3248	Товсте,Толсти,Толстое,Тоўстэ
geonames:691469	Tokmak	47.25554	35.70836	PPLA3	29573	Великий Токмак,Токмак
geonames:691474	Tokari	50.91794	34.89746	PPL	1848	Токари,Токарі
geonames:691476	Tokari	50.41339	33.423	PPL	1511	Токари,Токарі
geonames:691489	Tochylove	47.7712	29.74867	PPL	1181	Точилове,Точилово
geonames:691491	Toboly	51.59938	25.34395	PPL	1153	Тоболи
geonames:691497	Tlumach	48.86519	25.00385	PPLA2	8886	Тлумач
geonames:691510	Tyshkivka	48.49564	30.94196	PPLA3	3368	Тишковка,Тишківка
geonames:691520	Tinky	49.18868	32.62622	PPL	2255	Тиньки,Тіньки
geonames:691526	Tymoshivka	47.1828	35.1085	PPL	2975	Тимошівка
geonames:691549	Tymanivka	48.57284	28.8404	PPL	1942	Тимановка,Тиманівка
geonames:691578	Tetiiv	49.37019	29.66933	PPLA3	14388	Тетиев,Тетіїв
geonames:691603	Terpinnia	46.97634	35.42213	PPLA3	4656	Терпіння
geonames:691606	Terny	50.98916	33.9707	PPL	3661	Tеrny,Терни,Терны,Тэрны
geonames:691618	Ternovo	48.07559	23.73859	PPL	4302	Тернове,Терново
geonames:691628	Ternivka	48.52656	36.07051	PPL	26961	Терновка,Тернівка
geonames:691634	Ternivka	44.57922	33.75105	PPLA3	1843	Старые Шули,Терновка,Тернівка
geonames:691637	Ternova	50.19226	36.67477	PPL	3091	Тернова,Терновая
geonames:691639	Ternuvate	47.82995	36.12973	PPL	1306	Гайчур,Терноватое,Тернувате,Тэрнуватэ
geonames:691650	Ternopil	49.55404	25.59067	PPLA	225238	Тернополь,Тернопіль
geonames:691654	Ternavka	48.1211	26.22481	PPL	2852	Тернавка
geonames:691663	Teresva	47.99769	23.69904	PPL	7547	Тересва,Тэрэсва
geonames:691693	Terebovlia	49.29967	25.68886	PPLA2	13425	Теребовля
geonames:691695	Tereblia	48.11284	23.59538	PPL	3685	Теребля
geonames:691696	Terebleche	48.01615	26.05299	PPLA3	1446	Тереблече
geonames:691702	Teplivka	50.25728	32.14922	PPL	1071	Тепловка,Теплівка
geonames:691704	Teplovka	45.03239	33.69588	PPL	1755	Контуган,Тепловка,Теплівка
geonames:691705	Irmino	48.59905	38.58824	PPL	9270	Ірміно,Теплогорск,Теплогірськ
geonames:691706	Teplytsia	45.98642	29.33812	PPLA3	1672	Теплиця,Тепліц
geonames:691708	Teplyk	48.66538	29.74482	PPL	6250	Теплик,Тэплык
geonames:691715	Teofipol	49.83892	26.4204	PPLA2	6509	Теофиполь,Теофіполь
geonames:691721	Maslovo	45.79197	34.36298	PPLA3	2222	Маслове,Маслово,Тенсу
geonames:691723	Tenistoye	44.74303	33.66812	PPLA3	1211	Калымтай,Тенистое,Тінисте
geonames:691741	Boykivske	47.40994	38.02476	PPLA2	4423	Бойковское / Тельманово,Бойківське,Остгайм,Тельманове,Тельманово
geonames:691753	Tekovo	48.12456	23.09722	PPL	1500	Теково
geonames:691776	Tavriiske	46.69193	35.60909	PPL	1195	Таврійське
geonames:691778	Tavilzhanka	49.84417	37.77889	PPL	1924	Таволжанка,Тавільжанка
geonames:691784	Tovtry	48.56667	25.86667	PPL	1758	Товтри,Товтры
geonames:691803	Tatarbunary	45.83861	29.61123	PPL	10836	Татарбунар,Татарбунари,Татарбунары
geonames:691806	Klepinino	45.528	34.18315	PPLA3	1966	Клепинино,Клепиніне,Ташлы-Кипчак
geonames:691808	Tashlyk	49.07319	31.73398	PPL	1935	Ташлик,Ташлык
geonames:691820	Bessarabske	46.18757	29.14635	PPL	5692	Анчокрак,Бессарабское,Бессарабське,Тарутине,Тарутино,Тарутынэ
geonames:691832	Taromske	48.44278	34.78852	PPL	13289	Таромское,Таромське
geonames:691857	Tarasivka	50.24561	34.34858	PPL	1321	Тарасовка,Тарасівка
geonames:691858	Tarasivka	50.19464	32.486	PPL	1001	Тарасовка,Тарасівка
geonames:691876	Vesela Tarasivka	48.52844	39.0925	PPL	1368	Весела Тарасівка
geonames:691878	Tarasivka	48.2087	23.8093	PPL	3067	Тарасовка,Тарасівка
geonames:691893	Tarasivka	46.14458	33.11739	PPL	1114	Тарасовка,Тарасівка
geonames:691904	Tarashcha	49.55719	30.49615	PPLA3	12952	Тараща
geonames:691915	Tarakaniv	50.38011	25.70768	PPLA3	1634	Тараканов,Тараканів
geonames:691919	Tankovoye	44.65829	33.80929	PPL	1639	Биюк-Сюрень,Танкове,Танковое
geonames:691929	Tamaryne	47.01875	33.00243	PPL	1066	Тамарине
geonames:691934	Talove	48.31191	39.66695	PPL	1496	Талове
geonames:691936	Talne	48.88891	30.6965	PPLA2	13318	Тальне,Тальное
geonames:691942	Talalaivka	50.95783	31.92085	PPL	5054	Талалаевка,Талалаївка
geonames:691943	Talalaivka	50.84287	33.14173	PPLA3	5249	Талалаевка,Талалаївка
geonames:691947	Talakivka	47.18497	37.72118	PPL	4160	Талаковка,Талаківка
geonames:691949	Takhtaulove	49.66119	34.53422	PPL	2231	Тахтаулове,Тахтаулово
geonames:691963	Taborivka	47.60863	31.38391	PPL	1852	Таборовка,Таборівка
geonames:691969	Tabaky	45.72669	28.60686	PPL	2498	Табаки
geonames:691970	Tabachnoye	45.61257	34.61497	PPLA3	1287	Аджи-Ахмат,Табачне,Табачное
geonames:691971	Tabachnoye	44.90175	33.67638	PPLA3	1597	Табачне,Табачное
geonames:691985	Syrove	47.89552	30.45692	PPL	1565	Сирове,Сырово
geonames:691999	Siverskodonetsk	48.94414	38.48754	PPLA2	99067	Северодонецк,Сєвєродонецьк,Сіверськодонецьк,еверодоњецк
geonames:692006	Sychavka	46.64195	31.10454	PPL	1722	Сичавка
geonames:692016	Svyatohirsk	49.04101	37.57194	PPL	4309	Баннаўскае,Банне,Банно-Тетянівка,Баннівське,Святагірск,Святогорск,Святогорск қаласы,Святогірськ,Славянагорск,Славяногорск,Слов'яногірськ,Сьвятагорск
geonames:692019	Svyatylivka	49.46265	32.81687	PPL	1594	Святиловка,Святилівка
geonames:692039	Svitiaz	51.48211	23.85904	PPL	1845	Свитязь,Світязь
geonames:692043	Druzhba	49.36996	25.6381	PPL	1906	Дружба
geonames:692085	Svetloye	45.6332	34.66264	PPLA3	1608	Светлое,Світле,Тамак-Киргиз,Янцево
geonames:692087	Svitlovodsk	49.06287	33.2458	PPLA2	43130	Кремгес,Светловодск,Свитловодск,Світловодськ,Хрущов
geonames:692089	Svitlohirske	48.88966	34.07118	PPL	2980	Светлогорское,Світлогірське
geonames:692091	Svitlodolynske	46.09137	29.58732	PPL	1034	Светлодолинское,Світлодолинське
geonames:692093	Svitlodarsk	48.43374	38.22331	PPLA3	11127	Светлодарск,Світлодарськ
geonames:692102	Svesa	51.95131	33.93383	PPLA3	6186	Свеса,Свесса,Свэса
geonames:692105	Dovzhansk	48.07615	39.64744	PPLA2	62691	Довжанськ,Свердловск,Свердловськ,Село имени Свердлова
geonames:692107	Kholodne	48.03029	38.06383	PPL	1423	Свердлове,Свердлово,Холодне,Холодное
geonames:692108	Ivanove	46.67688	30.88484	PPL	1560	Іванове,Иванове,Свердлове
geonames:692118	Svatove	49.40926	38.15534	PPLA2	16145	Сватове,Сватово
geonames:692122	Svarychiv	48.95907	24.18942	PPL	4845	Svаrytsіv,Сваричев,Сваричів
geonames:692129	Svalyava	48.54735	22.98673	PPL	17068	Свалява
geonames:692134	Suvorovskoye	45.25171	33.37194	PPLA3	3200	Богай,Суворовское,Суворовське
geonames:692138	Katlabuh	45.58174	28.98179	PPL	4586	Катлабуг,Король Міхай I,Суворавэ,Суворове,Суворово,Шикирли Китай,Шикирлі-Китай
geonames:692146	Sutysky	49.03901	28.41956	PPLA3	6027	Сутиски,Сутыскы
geonames:692152	Suskovo	48.54205	22.91482	PPL	1466	Сускове,Сусково
geonames:692173	Sursko-Lytovske	48.33778	34.93708	PPLA3	4264	Сурсько-Литовське
geonames:692175	Sursko-Mykhaylivka	48.27437	34.72655	PPL	2552	Surskо-Myh’аilіvkа,Сурско-Михайловка,Сурсько-Михайлівка
geonames:692182	Suprunivka	49.57783	34.44038	PPL	3974	Супруновка,Супрунівка
geonames:692194	Sumy	50.91741	34.79906	PPLA	256474	Суми,Сумы
geonames:692210	Sukhyi Lyman	46.39213	30.6458	PPL	1277	Сухий Лиман
geonames:692212	Sukhyi Yelanets	47.36982	31.98666	PPLA3	1002	Сухий Єланець
geonames:692233	Sukhovolya	49.82426	23.8377	PPL	3612	Суховоля
geonames:692235	Sukhoverkhiv	48.46199	25.75439	PPL	1881	Суховерхов,Суховерхів
geonames:692244	Sukholuzhzhia	46.21667	30.26402	PPL	1127	Заливне,Сухолужжя,Сухі Чаїри
geonames:692248	Stepnohirsk	47.59015	35.36399	PPL	4420	Степногорск,Степногірськ,Сухоіванівка,Янчекрак
geonames:692254	Sukhodilsk	48.35083	39.72573	PPL	20390	Суходольск,Суходільськ
geonames:692301	Sudova Vyshnia	49.7868	23.37403	PPLA3	6470	Судова Вишня
geonames:692305	Sudiivka	49.5007	34.42236	PPL	1240	Судиевка,Судіївка
geonames:692309	Sudche	51.73549	25.58534	PPL	1105	Судче
geonames:692315	Sudak	44.84924	34.97471	PPLA2	16597	Судак
geonames:692316	Sucheveny	48.05557	25.84032	PPL	1661	Сучевени,Сучевены
geonames:692317	Subottsi	48.65454	32.51951	PPLA3	3095	Subоttsі,Субботцы,Суботці
geonames:692325	Styla	47.69647	37.84557	PPL	2199	Стила,Стыла
geonames:692352	Studenok	49.08888	37.48999	PPL	1440	Studеnоk,Студенок
geonames:692372	Stryi	49.26103	23.84845	PPLA2	61404	Стрий,Стриј,Стрый
geonames:692374	Striukove	47.37388	30.57639	PPLA3	2066	Стрюкове
geonames:692387	Strumok	45.72378	29.44076	PPL	1883	Струмок,Чишма
geonames:692388	Siurte	48.50175	22.22855	PPLA3	1898	Сюрте
geonames:692391	Stroine	48.52405	23.03805	PPL	2726	Стройне
geonames:692405	Stroyntsi	48.24555	26.25563	PPL	1547	Строинцы,Строїнці
geonames:692410	Strogonovka	44.9497	34.17924	PPL	3337	Мамак,Строгоновка,Строгонівка
geonames:692416	Stryzhavka	49.30955	28.47208	PPLA3	9165	Стрижавка
geonames:692440	Strilkove	45.89593	34.88301	PPL	1415	Стрилкове,Стрілкове
geonames:692447	Striletskyy Kut	48.33192	25.82043	PPL	2069	Стрелецкий Кут,Стрілецький Кут
geonames:692451	Strilecha	50.30106	36.39886	PPL	2097	Стрелечья,Стрілеча
geonames:692465	Strabychovo	48.38993	22.5494	PPL	3255	Страбичово
geonames:692468	Stizhkivske	48.11857	38.46693	PPL	4480	Стіжківське
geonames:692485	Storozhnytsia	48.60403	22.23269	PPL	2623	Stоrоznytsja,Старажныця,Сторожница,Сторожниця
geonames:692487	Storozhynets	48.15938	25.72144	PPLA2	14198	Сторожинец,Сторожинець
geonames:692506	Stolbovoye	45.3627	33.49584	PPLA3	1082	Курулу,Стовпове,Столбовое
geonames:692519	Stobykhivka	51.37303	24.98238	PPL	1800	Стобиховка,Стобихівка
geonames:692531	Stetseva	48.52638	25.57411	PPL	3076	Стецева
geonames:692536	Stepove	47.18934	31.51733	PPLA3	1869	Степове
geonames:692556	Botanicheskoye	45.78656	33.54856	PPLA3	1661	Аип,Ботаническое,Ботанічне
geonames:692561	Stepnoye	45.65212	33.77441	PPLA3	1461	Муний,Степне,Степное
geonames:692563	Stepkivka	47.89134	30.90553	PPL	1130	Степковка,Степківка
geonames:692567	Stepantsi	49.70388	31.29697	PPLA3	2005	Степанцы,Степанці
geonames:692577	Stepanivka	50.94788	34.61303	PPLA3	5000	Степановка,Степанівка
geonames:692604	Stepanivka	46.79489	29.98684	PPL	1844	Степановка,Степанівка
geonames:692607	Stepanivka Persha	46.47597	35.54787	PPL	1227	Степановка Первая,Степанівка Перша
geonames:692614	Stepanhorod	51.6315	26.17681	PPL	1905	Степангород
geonames:692615	Stepan	51.13317	26.30594	PPLA3	4081	Степань,Стэпань
geonames:692632	Stebnyk	49.30098	23.55197	PPL	20200	Стебник
geonames:692637	Steblivka	48.09018	23.42386	PPL	2231	Стебловка,Стеблівка
geonames:692638	Stebliv	49.40163	31.09557	PPL	3350	Стеблев,Стеблёв,Стеблів,Стэбліў
geonames:692644	Stayky	50.07818	30.9038	PPL	2203	Стайки
geonames:692648	Stavrove	47.61585	29.5563	PPL	1181	Ставрове
geonames:692654	Stavne	48.99272	22.69861	PPL	1623	Ставне
geonames:692657	Stavkove	47.17961	30.63545	PPL	1026	Ставкове
geonames:692674	Stavyshche	49.3915	30.19102	PPLA3	6056	Ставище
geonames:692684	Stavchany	48.51143	25.67916	PPLA3	2168	Ставчани,Ставчаны
geonames:692686	Stavchany	48.39008	26.40319	PPL	1731	Ставчани,Ставчаны
geonames:692689	Stasi	49.74613	34.56974	PPL	2124	Стаси,Стасі
geonames:692698	Staryi Uhryniv	48.9466	24.37147	PPL	1010	Старий Угринів
geonames:692702	Staryi Sambir	49.43997	23.00078	PPLA3	5603	Старий Самбір,Старый Самбор
geonames:692703	Staryi Saltiv	50.07155	36.78508	PPLA3	3776	Стар.Салтов,Старий Салтів,Старый Салтов
geonames:692709	Staryy Merchyk	49.98147	35.75904	PPL	1709	Стар.Мерчик,Старий Мерчик
geonames:692713	Staryi Krym	47.16105	37.48808	PPL	5977	Старий Крим,Старый Крым
geonames:692714	Staryi Krym	45.02887	35.09174	PPLA3	9370	Старий Крим,Старый Крым
geonames:692719	Klesiv	51.3146	26.89488	PPLA3	4600	Клесов,Клесів,Клэсіў
geonames:692731	Stari Troyany	45.67264	29.1787	PPL	2225	Стари Трояни,Старые Трояныy,Старі Трояни
geonames:692742	Stari Kuty	48.27943	25.163	PPL	5068	Старі Кути
geonames:692747	Stari Broskivtsi	48.23912	25.74668	PPL	2503	Старые Бросковцы,Старі Бросківці
geonames:692749	Stari Bohorodchany	48.82947	24.52626	PPLA3	3426	Stаrі Bоhоrоdtsаny,Старые Богородчаны,Старі Богородчани
geonames:692757	Staryi Chortoryisk	51.22536	25.87894	PPL	1840	Старий Чорторийськ,Старый Чорторийськ
geonames:692758	Staryi Bilous	51.49179	31.21249	PPL	2502	Старий Білоус
geonames:692774	Stare Selo	51.61321	27.13055	PPLA3	2880	Старе Село,Старое Село
geonames:692775	Stare Selo	49.70769	24.19327	PPL	2119	Stаrе Sеlо,Старе Село,Старое Село,Старое село,Старэ Сэло
geonames:692786	Starovirivka	49.5548	35.74849	PPLA3	3543	Староверовка,Старовірівка
geonames:692799	Starosillya	46.33129	29.46926	PPL	1634	Староселье,Старосілля
geonames:692808	Staromlynivka	47.69689	36.82696	PPLA3	3373	Старомлинівка,Старомлыновка
geonames:692810	Staromykhailivka	47.99265	37.58581	PPL	5333	Старомихайловка,Старомихайлівка
geonames:692818	Starokostyantyniv	49.75522	27.21229	PPLA2	34232	Константинов,Костянтинів,Староконстантинов,Старокостянтинів
geonames:692819	Starokozache	46.33583	29.98876	PPL	5108	Староказачье,Старокозаче
geonames:692827	Starobohdanivka	47.11502	35.48947	PPL	1001	Старобогдановка,Старобогданівка
geonames:692829	Starobesheve	47.75068	38.03039	PPLA3	6044	Старобешеве,Старобешево
geonames:692832	Starobilsk	49.27881	38.9075	PPLA2	15947	Старобельск,Старобільськ
geonames:692844	Starychi	49.98001	23.55848	PPL	3293	Stаrytsі,Старичи,Старичі,Старычы
geonames:692847	Starohorozhene	47.49653	32.34161	PPL	1077	Старогорожене,Старогорожено
geonames:692849	Temriuk	47.26507	36.98016	PPL	1876	Старченкове,Старченково,Темрюк
geonames:692854	Stara Zburivka	46.47225	32.42374	PPL	2572	Стара Збур’ївка
geonames:692856	Stara Vyzhivka	51.43661	24.43958	PPLA3	5058	Стара Вижівка,Стара Выжыўка,Старая Выжевка,Стари Выжевка
geonames:692860	Stara Ushytsya	48.59427	27.07487	PPL	2097	Стара Ушиця,Старая Ушица
geonames:692863	Stara Tsarychanka	46.28873	29.86709	PPL	1831	Богунське,Стара Царичанка,Старая Царичанка
geonames:692865	Stara Sil	49.48906	22.96589	PPL	1074	Стара Сіль,Старая Соль
geonames:692866	Stara Synyava	49.59709	27.615	PPLA2	5311	Стара Синява,Старая Синява
geonames:692881	Stara Nekrasivka	45.33721	28.92322	PPL	3050	Стара Некрасивка,Стара Некрасівка,Старая Некрасовка
geonames:692882	Murafa	48.76991	28.21428	PPLA3	2739	Мурафа
geonames:692889	Stara Kulna	47.69476	29.31494	PPL	1067	Стара Кульна
geonames:692938	Stanislavka	47.72783	29.25332	PPL	1333	Станиславка,Станіславка
geonames:692942	Stanislavchyk	48.96861	28.10531	PPLA3	2831	Станиславчик,Станіславчик
geonames:692944	Stanislav	46.57327	32.14767	PPLA3	4726	Stаnіslаv,Станислав,Станіслав
geonames:692953	Stanytsya-Luhanska	48.66247	39.48358	PPL	12258	Станица Луганская,Станиця Луганська,Станично-Луганське
geonames:692957	Stanivtsi	48.08333	26.06667	PPL	2897	Становцы,Станівці
geonames:692960	Stal’noye	45.70814	34.56238	PPLA3	1125	Stal'noye,Барын,Стальне,Стальное
geonames:692961	Stalnivtsi	48.30389	26.55281	PPL	2104	Стальновцы,Стальнівці
geonames:692975	Kadiyivka	48.56818	38.64352	PPL	73248	Кадзееўка,Кадзіеўка,Кадзііўка,Кадиевка,Серго,Стаханаў,Стаханов,Сэрго,Сярго
geonames:693001	Serednie Vodiane	47.98293	23.90904	PPL	5465	Середнэ Водяне,Середнє Водяне
geonames:693002	Serednye	48.54006	22.50441	PPL	4336	Середньое,Середнє,Среднее,Сэрэдне
geonames:693010	Sribne	50.66314	32.91906	PPLA3	3534	Сребное,Срібне
geonames:693020	Yampil	48.24056	28.28141	PPL	10957	Кременчук,Ямполь,Ямпіль
geonames:693028	Spaske	48.6577	35.04966	PPL	3017	Спасское,Спаське
geonames:693044	Spas	48.88717	24.06293	PPLA3	2976	Spаs,Спас
geonames:693052	Soymy	48.56806	23.47147	PPL	1068	Сойми
geonames:693062	Ichki	45.34267	34.92463	PPLA2	10410	Ічкі,Ички,Советский,Совєтський
geonames:693078	Sosnove	50.82379	26.99845	PPLA3	1945	Сасновэ,Соснове,Сосновое
geonames:693085	Sosnivka	50.29202	34.00959	PPL	1110	Сосновка,Соснівка
geonames:693086	Sosnivka	50.2897	24.25139	PPL	10838	Сосновка,Соснівка
geonames:693100	Sosnytsia	51.52387	32.49985	PPL	7825	Сосница,Сосниця,Сосныця
geonames:693108	Soshychne	51.4707	24.87859	PPLA3	1917	Сошичне
geonames:693176	Solotvyno	47.94728	23.87433	PPL	8632	Солотвино
geonames:693178	Solotvyn	48.7063	24.42164	PPL	3729	Солотвин
geonames:693187	Solontsi	46.57736	32.67486	PPL	1051	Солонци,Солонці
geonames:693193	Solonka	49.75621	24.01028	PPL	3391	Солонка
geonames:693194	Solonytsivka	49.99682	36.03464	PPL	12378	Солоницевка,Солоницівка
geonames:693195	Solonytsia	49.97375	33.03941	PPL	1002	Солоница,Солониця
geonames:693218	Sonyachnohirske	44.74722	34.53999	PPL	1150	Куру-Узень,Солнечногорское,Сонячногірське
geonames:693219	Sonyachna Dolyna	44.87185	35.10622	PPL	1526	Коз,Козы,Солнечная Долина,Сонячна Долина
geonames:693231	Solone	48.20907	34.87585	PPLA2	7557	Солоне,Солёное
geonames:693237	Voznesenske	47.62065	31.53311	PPL	1110	Вознесенское,Вознесенське
geonames:693257	Sokolivka	48.29414	25.00278	PPL	2193	Соколовка,Соколівка
geonames:693263	Sokolova Balka	49.19966	34.61542	PPL	1084	Соколова Балка
geonames:693272	Sokolinoye	44.55041	33.95897	PPL	1251	Коккозы,Соколине,Соколиное
geonames:693283	Illinka	45.81784	33.79482	PPLA3	1140	Іллінка,Вилор,Ильинка,Новый Джелишай
geonames:693284	Sokyryany	48.44913	27.41138	PPL	8877	Сокиряни,Сокиряны
geonames:693285	Sokyrnytsia	48.12233	23.39997	PPL	4207	Sоkyrnytsja,Сокирница,Сокирниця,Сокырниця
geonames:693292	Sokilnyky	49.7816	23.98152	PPL	9021	Сокильники,Сокільники
geonames:693301	Sokal	50.47452	24.28088	PPLA3	20373	Сокаль
geonames:693325	Sofiyivka	48.04734	33.87237	PPL	6601	Софиевка,Софіївка
geonames:693330	Sofiyivka	47.68285	32.36155	PPL	1289	Софиевка,Софіївка
geonames:693342	Sofiivka	45.09456	34.00133	PPL	3481	Софиевка,Софіївка
geonames:693354	Sobolivka	48.61533	29.48805	PPLA3	3752	Сабаліўка,Соболевка,Соболівка
geonames:693360	Sobatyn	48.32417	22.99712	PPL	1041	Собатин
geonames:693365	Sniatyn	48.44883	25.55994	PPL	9942	Снятин,Снятын
geonames:693366	Snyachiv	48.19071	25.84471	PPL	1932	Снячев,Снячів
geonames:693379	Snihurivka	47.07651	32.8197	PPLA2	12045	Снигирёвка,Снігурівка
geonames:693381	Snizhne	48.02328	38.76205	PPLA3	55587	Снежное,Сніжне
geonames:693403	Smotrych	48.94707	26.5586	PPL	1806	Смотрич
geonames:693426	Smoline	48.60127	31.31292	PPL	9547	Смолино,Смоліне
geonames:693435	Smyrnove	47.22027	36.54106	PPLA3	1291	Попівка,Смирнове,Смирново
geonames:693450	Smile	48.67623	38.9157	PPL	1031	Смиле,Сміле
geonames:693455	Smile	50.92601	33.58499	PPL	1424	Смелое,Сміле
geonames:693457	Smila	49.23295	31.88427	PPLA2	66475	Смела,Смила,Сміла
geonames:693468	Slovyansk	48.84974	37.59739	PPL	105141	Славянск,Славјанск,Слов'янськ,Словяньск,Слов’янськ,Тор
geonames:693469	Slov`yanoserbsk	48.69779	38.98133	PPL	8065	Славяносербск,Слов'яносербськ
geonames:693472	Slovechne	51.37927	28.34946	PPLA3	1725	Slоvеtsnе,Славэчнэ,Словечне,Словечно
geonames:693473	Slout	51.75848	33.79306	PPL	1231	Слоут
geonames:693510	Slobidka	47.88372	29.344	PPL	2336	Слабідка,Слобидка,Слободка,Слобідка
geonames:693546	Sloboda	51.19806	33.60695	PPL	2949	Слобода
geonames:693557	Sloboda	48.27781	26.19726	PPL	1423	Слобода
geonames:693571	Slavyanskoye	45.72768	33.32165	PPLA3	1194	Садыр,Славянское,Слов’янське
geonames:693578	Slovyanka	48.40061	36.71598	PPLA3	2304	Славянка,Слов’янка
geonames:693581	Slavuta	50.29609	26.86613	PPLA2	35068	Славута
geonames:693582	Slavske	48.84515	23.44588	PPLA3	3537	Славски,Славско,Славское,Славське,Славськэ,Слаўскэ
geonames:693595	Slavhorod	48.09951	35.51722	PPL	2178	Славгород
geonames:693598	Slatyne	50.21041	36.15376	PPL	6544	Слатине,Слатино,Слатынэ
geonames:693611	Skvortsovo	45.07542	33.82084	PPLA3	2517	Скворцове,Скворцово,Старые Лезы,Старый Лез
geonames:693615	Skvyra	49.73401	29.66353	PPLA3	17452	Сквира
geonames:693637	Skotarske	48.73287	23.26521	PPL	1413	Скотарское,Скотарське
geonames:693658	Skole	49.03767	23.51359	PPLA3	6491	Олександрія,Сколе
geonames:693665	Sknyliv	49.8	23.95	PPL	1118	Скнилов,Скнилів
geonames:693679	Skhidnytsia	49.22447	23.35188	PPLA3	2259	Схидныця,Сходница,Східниця,Східныця
geonames:693682	Skelky	47.44	35.1242	PPL	2205	Скельки
geonames:693684	Skelivka	49.53686	22.96664	PPL	1062	Skеlіvkа,Скелевка,Скеловка,Скелівка,Скэліўка
geonames:693698	Skalistoye	44.81686	33.97791	PPLA3	2997	Скалисте,Скалистое,Тав-Бодрак
geonames:693700	Skalat	49.42544	25.97598	PPL	3814	Скалат
geonames:693701	Skala-Podilska	48.85014	26.20064	PPL	4174	Скала-Падзільска,Скала-Подольская,Скала-Подільська,Скала-над-Збручем
geonames:693709	Skadovsk	46.11313	32.90978	PPLA2	17915	Алі-Агок,Скадовск,Скадовськ,Скадівське
geonames:693712	Sizovka	45.34892	33.87669	PPLA3	1814	Сая,Сизiвка,Сизовка
geonames:693726	Syvaske	46.38503	34.54683	PPL	4242	Рождественський,Різдвянка,Сиваське,Сивашское,Сивашське
geonames:693743	Sytkivtsi	48.90932	29.19871	PPL	2223	Ситковцы,Ситківці
geonames:693745	Luhanka	48.19039	33.28699	PPL	1283	Луганка
geonames:693755	Syrotyne	48.9162	38.51457	PPL	1619	Сиротине,Сиротино
geonames:693760	Syniukhyn Brid	48.14486	30.81909	PPLA3	1708	Синюхин Брод,Синюхин Брід
geonames:693789	Synevyrska Poliana	48.58484	23.6891	PPL	1355	Синевирская Поляна
geonames:693791	Synevyr	48.49278	23.62139	PPLA3	4623	Синевир
geonames:693796	Synelnykove	48.32362	35.52612	PPLA2	30556	Синельникове,Синельниково
geonames:693801	Symoniv	50.57399	26.62962	PPL	1776	Симонов,Симонів
geonames:693805	Simferopol	44.95719	34.11079	PPLA2	336460	Akməsҗit,Акмәсҗит,Симфереполь,Симферопол,Симферополь,Симферопољ,Сімферопаль,Сімферополь
geonames:693808	Simer	48.73306	22.52158	PPL	1856	Симер,Сімер
geonames:693809	Simeyiz	44.40646	34.00704	PPL	2604	Симеиз,Сімеїз,Сімэіз
geonames:693843	Shyshkivtsi	48.55048	25.63242	PPL	1598	Шишковцы,Шишківці
geonames:693870	Shumsk	50.11775	26.11792	PPL	5470	Шумск,Шумськ
geonames:693896	Shubranets	48.39552	25.88794	PPL	1888	Шубранец,Шубранець
geonames:693903	Shturmove	44.56767	33.62245	PPL	1535	Новые Шули,Штурмове,Штурмовое
geonames:693913	Shramkivka	50.13754	32.12572	PPLA3	2709	Шрамковка,Шрамківка,Шрамкіўка
geonames:693920	Shpola	49.01291	31.3926	PPLA2	16674	Шпола
geonames:693923	Shpykiv	48.78411	28.56359	PPL	2974	Spykіv,Шпиков,Шпиків,Шпыкіў
geonames:693942	Shostka	51.86434	33.47283	PPLA2	73197	Шостка
geonames:693953	Sholokhove	47.69163	33.98969	PPL	3097	Шолохове,Шолохово
geonames:693995	Shklo	49.95675	23.54408	PPL	6069	Шкло
geonames:694001	Mykhaylivka	47.13689	31.62523	PPL	1574	Михайловка,Михайлівка,Улянівка
geonames:694013	Shyshaky	49.87574	34.00645	PPLA2	4347	Шишаки
geonames:694016	Shyryayeve	47.38483	30.19065	PPL	6537	Ширяево,Ширяэве
geonames:694017	Shyrivtsi	48.42395	26.29729	PPL	1806	Шировцы,Ширівці
geonames:694020	Shyroke	48.22056	23.11332	PPL	2411	Широке
geonames:694023	Shyroke	47.95735	38.2316	PPL	1001	Широке,Широки
geonames:694025	Shyroke	47.6855	33.26147	PPL	9623	Широке,Широки,Широкое,Шырокэ
geonames:694028	Shyroke	46.19991	32.90396	PPL	1347	Широке
geonames:694029	Shyroke	45.96499	30.0903	PPL	1374	Кібабча,Широке
geonames:694036	Shyrokolanivka	47.16609	31.43171	PPL	1833	Syrоkоlаnіvkа,Широколановка,Широколанівка
geonames:694039	Shyrokyi Luh	48.21531	23.75438	PPL	1964	Широкий Луг
geonames:694053	Shyrokyne	47.09839	37.81795	PPL	1180	Широкине,Широкино
geonames:694073	Shypyntsi	48.37598	25.75018	PPL	3160	Sypyntsі,Шипинцы,Шипинці,Шыпынці
geonames:694086	Shylivtsi	48.4262	26.20272	PPL	3028	Шиловцы,Шилівці
geonames:694101	Shybalyn	49.43966	25.00035	PPL	1359	Шибалин
geonames:694106	Partyzany	45.14373	35.15509	PPLA3	1487	Партизани,Партизаны,Шейх-Эли
geonames:694137	Shevchenkove	49.6951	37.17625	PPLA3	7090	Шевченкове,Шевченково,Шэўчэнкавэ
geonames:694140	Shevchenkove	49.19181	31.08993	PPLA3	2802	Керелівка,Кирилівка,Шевченкове,Шевченково
geonames:694148	Shevchenkove	46.8629	32.2027	PPLA3	3150	Sеvtsеnkоvе,Шевченкове,Шевченково
geonames:694152	Shevchenkove	45.55487	29.33354	PPL	5625	Шевченкове,Шевченково,Шэўчэнкавэ
geonames:694167	Shevchenko	48.22193	37.14467	PPL	1654	Шевченко
geonames:694198	Sheshory	48.32428	24.97016	PPL	1984	Шешори,Шешоры
geonames:694204	Sloboda-Komarivtsi	48.22842	25.62757	PPL	1120	Слобода-Комаровцы,Слобода-Комарівці
geonames:694205	Shershentsi	47.98823	29.00876	PPL	1555	Шершенци,Шершенці
geonames:694216	Shepetivka	50.18118	27.06517	PPLA2	40802	Шепетовка,Шепетівка
geonames:694232	Sheliuhy	46.55806	35.2358	PPL	1362	Шелюги
geonames:694245	Shelkovichnoye	45.18748	33.68807	PPL	1357	Темеш,Шелковичное,Шовковичне
geonames:694256	Shehyni	49.80126	22.97485	PPLA3	1100	Шегини,Шегині
geonames:694259	Shebutyntsi	48.51945	27.17144	PPL	1463	Шебутинци,Шебутинці
geonames:694272	Bozhedarivka	48.35687	34.11207	PPLA3	2651	Божедарівка,Щорск,Щорськ
geonames:694273	Snovsk	51.81674	31.94245	PPLA3	10620	Сновськ,Щорс
geonames:694278	Shchyrets	49.65254	23.85793	PPLA3	5733	Шчырэць,Щирец,Щирець
geonames:694290	Shcherbynivka	48.39489	37.79102	PPL	3868	Щербинівка
geonames:694294	Shcherbanka	46.69534	30.18889	PPL	1436	Щербанка
geonames:694295	Shcherbani	49.53461	34.53753	PPLA3	1864	Щербани,Щербані
geonames:694297	Shcherbani	47.51979	31.74856	PPL	1944	Щербани,Щербані
geonames:694320	Shchebetovka	44.93845	35.15834	PPL	3442	Шчэбэтоўка,Щебетовка
geonames:694333	Shatsk	51.49929	23.93589	PPLA3	5266	Шатск,Шатськ,Шацьк
geonames:694339	Sharivka	50.02078	35.4456	PPL	1680	Шаровка,Шарівка
geonames:694342	Sharovechka	49.41725	26.92023	PPL	2359	Шаровечка
geonames:694350	Sharhorod	48.73562	28.08459	PPL	7067	Шаргород
geonames:694363	Shandryholove	49.09083	37.72106	PPL	1035	Шандриголове,Шандриголово
geonames:694369	Shalyhyne	51.56988	34.12507	PPLA3	3031	Шалигине,Шалыгино,Шалыгынэ
geonames:694376	Shalanky	48.22752	22.88205	PPL	3152	Sаlаnky,Шаланки
geonames:694382	Shakhtarsk	48.05657	38.43826	PPL	71700	Шахтарськ,Шахтерск,Шахтёрск
geonames:694392	Shabo	46.12657	30.38567	PPL	7108	Sаbо,Шаба,Шабо
geonames:694397	Shabelkivka	48.75288	37.49226	PPL	4354	Шабельковка,Шабельківка
geonames:694403	Siversk	48.86476	38.09683	PPLA3	10875	Северск,Сіверськ
geonames:694423	Sevastopol	44.60795	33.52134	PPLA	547820	Акъяр,Севастопаль,Севастопол,Севастополь,Севастопољ
geonames:694427	Serpneve	46.30452	29.01519	PPL	1774	Ляйпціґ,Серпневе,Серпневи,Серпневое,Сэрпнэвэ
geonames:694435	Serhiyi	47.9883	25.15545	PPL	1097	Сергии,Сергії
geonames:694447	Serhiyivka	48.67464	37.37337	PPL	1596	Сергеевка,Сергіївка
geonames:694467	Serhiyivka	46.0251	30.36826	PPL	5343	Сергеевка,Сергиивка,Сергіївка,Сэргііўка
geonames:694468	Serhiivka	46.00055	29.95801	PPL	1420	Одабаша,Сергиевка,Сергіївка
geonames:694491	Seredyna-Buda	52.18886	34.03613	PPL	7161	Середина-Буда
geonames:694494	Serebrianka	48.91963	38.13543	PPL	1111	Серебрянка
geonames:694498	Serebriia	48.45556	27.71635	PPL	2906	Серебрія
geonames:694504	Serdyte	48.0405	38.39289	PPL	2047	Сердите,Сердитое
geonames:694508	Serby	48.10061	29.0646	PPL	1920	Серби,Сербы
geonames:694512	Serbka	47.00502	30.76252	PPL	1943	Сербка
geonames:694517	Serbychany	48.49701	27.29124	PPL	1570	Сербичани
geonames:694526	Sentyanivka	48.67043	38.75406	PPL	3140	Сентяновка,Сентянівка,Таїсівка,Фрунзе
geonames:694538	Senkivka	50.43857	31.08694	PPL	1068	Сеньковка,Сеньківка
geonames:694548	Sencha	50.25473	33.34888	PPLA3	2953	Сенча
geonames:694554	Semisotka	45.24676	35.565	PPLA3	1583	Семисотка
geonames:694558	Semypolky	50.72627	30.93441	PPL	2939	Семиполки
geonames:694563	Semykozivka	49.24052	39.57108	PPL	1492	Семикозовка,Семикозівка
geonames:694579	Simeychyne	48.32643	39.53366	PPL	2493	Семейкино,Сімейкине,Сімейчине
geonames:694590	Semenivka	52.1786	32.58181	PPL	5600	Семеновка,Семенівка,Семёновка
geonames:694603	Semenivka	49.59655	33.17943	PPL	6089	Семенівка,Семёновка
geonames:694615	Semenivka	47.94661	31.06115	PPL	1937	Семенівка,Семёновка
geonames:694623	Semenivka	46.89506	35.408	PPLA3	2869	Семеновка,Семенівка
geonames:694624	Semenivka	46.60793	33.59735	PPL	1349	Семенівка,Семёновка
geonames:694648	Seliatyn	47.86737	25.19891	PPLA3	2380	Селятин
geonames:694654	Siltse	48.29079	22.99072	PPL	2934	Сельцо,Сільце
geonames:694673	Selyshche	49.32685	31.15009	PPLA3	1580	Селище
geonames:694676	Selyshche	48.49899	27.08969	PPL	1375	Селище
geonames:694677	Selydove	48.1465	37.3022	PPLA3	21521	Селидове,Селидово
geonames:694680	Seleznivka	48.3927	38.78758	PPL	2438	Селезнівка
geonames:694691	Silets	50.29712	24.20462	PPL	3641	Силець,Сілець
geonames:694695	Seleshchyna	49.45879	34.83499	PPL	3458	Селещина
geonames:694700	Sekretarka	48.05062	30.5251	PPL	1422	Секретарка
geonames:694701	Sekretarivka	46.6598	30.28327	PPL	1054	Георгієнталь,Секретаревка,Секретарівка
geonames:694712	Siedove	47.0787	38.15368	PPL	2569	Седово,Сэдове,Сядовэ,Сєдове
geonames:694715	Sedniv	51.64184	31.56225	PPLA3	1063	Седнев,Седнів,Сэдніў
geonames:694719	Sedlyshche	51.66594	25.37337	PPL	1217	Седлище
geonames:694724	Sebyne	47.19905	31.85919	PPL	1495	Себине
geonames:694725	Shchastya	48.73784	39.23047	PPL	11411	Счастье,Щастя
geonames:694726	Shchaslyvtseve	46.03264	34.83448	PPL	1461	Щасливцеве
geonames:694734	Sazonivka	49.85727	32.44552	PPL	1019	Сазоновка,Сазонівка
geonames:694745	Savran	48.1293	30.0833	PPLA2	6264	Саврань
geonames:694750	Savyntsi	50.09105	33.93671	PPL	1114	Савинцы,Савинці
geonames:694752	Savyntsi	49.40035	37.05134	PPLA3	5326	Савинцы,Савинці,Савынці
geonames:694771	Sataniv	49.25481	26.25417	PPL	2352	Сатанов,Сатанів
geonames:694775	Sasovo	48.09201	23.07471	PPL	2281	Сасово
geonames:694776	Sasivka	48.56709	23.06866	PPL	1418	Сасовка,Сасівка
geonames:694789	Sary	50.3127	33.93036	PPL	1699	Сари,Сары
geonames:694792	Sarny	51.33898	26.60693	PPLA2	28865	Сарни,Сарны
geonames:694809	Sarazhinka	48.08834	29.44918	PPL	1119	Саражинка
geonames:694812	Sarata	46.02056	29.66444	PPL	4257	Сарата
geonames:694836	Samsonivka	48.36963	39.62113	PPL	1282	Самсоновка,Самсонівка
geonames:694851	Samotoyivka	50.80761	35.15201	PPL	1487	Самотоевка,Самотоївка
geonames:694862	Samchyky	49.76187	27.39381	PPL	1359	Самчики
geonames:694864	Sambir	49.51624	23.20133	PPLA2	34152	Новий Самбір,Погонич,Самбар,Самбир,Самбор,Самбір
geonames:694866	Samary-Orikhovi	51.84548	24.67517	PPL	1082	Самари-Орихови,Самари-Оріхові
geonames:694867	Samary	51.86293	24.61676	PPLA3	1000	Самари
geonames:694889	Salkove	48.25677	29.98347	PPL	1651	Салькове,Сальково
geonames:694909	Saksahan	48.3442	33.84175	PPLA3	2603	Саксагань
geonames:694910	Saky	45.13424	33.59996	PPL	28322	Саки
geonames:694919	Sakhnovshchyna	49.15022	35.87268	PPLA3	7010	Сахновщина,Сахноўшчына
geonames:694929	Sahaydak	49.7294	33.98067	PPL	1104	Сагайдак
geonames:694931	Safyany	45.40273	28.8777	PPL	2962	Сафьяны,Сафяни,Саф’яни
geonames:694934	Sadzhavka	48.56734	24.79969	PPL	3278	Sаdzаvkа,Саджавка
geonames:694954	Sadove	46.01999	29.27624	PPL	1020	Альт-Ельфт,Садове,Садовэ,Шампанауз
geonames:694955	Sadovoye	45.31037	34.6526	PPLA3	2874	Ново-Царицыно,Садове,Садовое
geonames:694973	Sadky	49.00538	33.47182	PPL	2939	Садки
geonames:694978	Yurkivtsi	48.50197	25.93335	PPL	1846	Юрковцы,Юрківці
geonames:694986	Sabivka	48.57869	39.14473	PPL	1129	Сабовка,Сабівка
geonames:694992	Rzhyshchiv	49.96934	31.0424	PPLA3	7993	Ржищев,Ржищів
geonames:694995	Rzhavyntsi	48.50659	26.07725	PPL	3079	Ржавинцы,Ржавинці
geonames:695016	Rynhach	48.30953	26.24408	PPL	1165	Рингач
geonames:695026	Rykhtychi	49.38748	23.56344	PPL	3244	Рихтичи,Рихтичі
geonames:695034	Rybne	48.35275	25.28148	PPL	1219	Рибне
geonames:695052	Rybakivka	46.62333	31.36474	PPL	1640	Рибаківка,Рыбаковка
geonames:695053	Rybach'e	44.77331	34.59609	PPL	1414	Рибаче,Рыбачье,Туак
geonames:695055	Riaske	49.18263	34.91201	PPL	1203	Рясское,Ряське
geonames:695082	Ruzhyn	49.72175	29.21874	PPL	4993	Ружин
geonames:695099	Ruske Pole	48.05734	23.53513	PPL	6112	Руське Поле
geonames:695100	Ruskoivanivka	46.3693	29.7658	PPL	1613	Іванівка,Русскоивановка,Руськоіванівка
geonames:695104	Ruska Poliana	49.417	31.92009	PPL	7780	Русская Поляна,Руська Поляна
geonames:695105	Ruska Mokra	48.35121	23.8987	PPL	1490	Руская Мокра,Руська Мокра
geonames:695106	Ruska Lozova	50.14213	36.28612	PPL	5018	Русская Лозовая,Руська Лозова
geonames:695129	Rukshyn	48.48872	26.40028	PPLA3	3438	Рукшин
geonames:695205	Rudne	49.83333	23.9	PPL	7350	Рудно
geonames:695207	Rudnytsya	48.25964	28.93372	PPL	1132	Рудница,Рудниця
geonames:695221	Rudky	49.65349	23.48669	PPLA3	5278	Рудки
geonames:695238	Rudenkivka	49.32531	34.40491	PPL	2440	Руденковка,Руденківка
geonames:695265	Ruch’i	45.78564	33.66093	PPLA3	1047	Ruch'i,Копкары Немецкие,Ручьи,Руч’ї
geonames:695274	Rubizhne	49.00849	38.37972	PPLA3	55247	Рубежное,Рубижне,Рубіжне
geonames:695285	Rubanivka	46.998	34.17008	PPLA3	3927	Рубанівка
geonames:695298	Rozvadiv	49.50315	23.95818	PPLA3	3098	Розвадов,Розвадів
geonames:695304	Rozivka	47.3954	37.07078	PPLA2	3140	Розенберг,Розовка,Розівка
geonames:695315	Rozhniativ	48.93975	24.15627	PPL	3874	Ражняціў,Рожнятов,Рожнятів,Рожњатив
geonames:695320	Rozhniv	48.36501	25.22838	PPLA3	5351	Rоznіv,Рожнов,Рожнів,Рожніў
geonames:695326	Rozhyshche	50.91632	25.27121	PPLA3	13280	Рожище
geonames:695337	Rozivka	46.04445	29.89882	PPL	1010	Болакчелі,Розовка,Розівка
geonames:695342	Rozdil	49.46201	24.06236	PPL	2892	Раздзіл,Роздол,Розділ
geonames:695344	Rozdilna	46.85479	30.07091	PPLA2	17858	Раздельная,Разьдзельная,Роздилна,Роздільна
geonames:695355	Roylyanka	46.28821	29.79365	PPL	1746	Ройлянка
geonames:695357	Kurakhove	47.9847	37.28069	PPLA3	18220	Курахове,Курахово
geonames:695364	Serne	48.36489	22.4484	PPL	1979	Серне
geonames:695365	Rivne	48.24274	31.75808	PPLA3	5296	Ровно,Рівне
geonames:695370	Rivne	46.01753	29.1398	PPL	1505	Купоран,Ровное,Рівне
geonames:695379	Rovenky	48.08277	39.37696	PPLA2	45514	Ровеньки
geonames:695399	Roztoky	48.17414	25.13305	PPL	1496	Розтоки
geonames:695400	Roztoky	48.06618	24.29051	PPL	2803	Розтоки
geonames:695402	Roztoka	48.8945	22.87823	PPL	1264	Розтока,Ростока
geonames:695407	Rozsishky	48.77695	30.03666	PPL	1323	Розсішки,Росошки,Россошки
geonames:695424	Rosishka	47.98809	24.06881	PPL	1240	Росишка,Росішка
geonames:695425	Rososhany	48.39905	27.00197	PPL	2125	Росошани,Росошаны
geonames:695439	Rozkishna	49.36899	30.19398	PPL	3140	Розкішна,Роскошная
geonames:695441	Rozkishne	48.48959	39.27881	PPL	6205	Розкішне,Роскошное
geonames:695459	Ropcha	48.11439	25.76798	PPL	3433	Ропча
geonames:695463	Romodan	49.99135	33.32626	PPL	2771	Рамадан,Ромодан
geonames:695464	Romny	50.74025	33.4952	PPLA2	38305	Ромни,Ромны
geonames:695469	Romashkino	45.25647	33.25517	PPLA3	1427	Икор,Ромашкине,Ромашкино,Сокур-Кой
geonames:695505	Romankivtsi	48.48421	27.2141	PPL	5066	Романкивци,Романківці
geonames:695513	Roksolany	46.17608	30.4568	PPL	1630	Роксолани
geonames:695515	Rokosovo	48.20829	23.17849	PPL	4544	Рокосово
geonames:695516	Rokytne	51.27891	27.21705	PPLA3	6521	Рокитне,Рокитное
geonames:695559	Rohatyn	49.41043	24.61103	PPLA2	7797	Рагатын,Рогатин
geonames:695561	Rohan	49.90317	36.48268	PPLA3	3262	Рогань
geonames:695574	Rodnikovo	45.04296	33.95407	PPLA3	3492	Родникове,Родниково,Старый Кулчук
geonames:695576	Rodnykivka	48.74982	32.08302	PPL	1752	Родниковка,Родниківка
geonames:695581	Rodynske	48.35415	37.20641	PPL	9850	Родинское,Родинське
geonames:695584	Rodatychi	49.79862	23.53336	PPL	1912	Родатичи,Родатичі
geonames:695585	Rodakove	48.55888	39.02525	PPL	6122	Родакове,Родаково
geonames:695594	Rivne	50.62036	26.23695	PPLA	243873	Ровно,Роўна,Рівне
geonames:695623	Revne	50.28801	30.83452	PPL	1471	Ревне
geonames:695624	Revne	48.33509	25.79605	PPL	1067	Ревне,Ревно
geonames:695639	Stari Sanzhary	49.4249	34.45333	PPL	1283	Старі Санжари
geonames:695643	Reshetylivka	49.563	34.07896	PPLA2	9240	Решетиловка,Решетилівка
geonames:695649	Repuzhyntsi	48.65554	25.79109	PPL	1636	Репужинци,Репужинці
geonames:695653	Ripky	51.80165	31.08578	PPLA3	6643	Репки,Рыпкы,Ріпки
geonames:695662	Repynne	48.58136	23.44389	PPL	1144	Репинне
geonames:695675	Remeniv	49.95241	24.20921	PPL	2953	Ременов,Ременів
geonames:695685	Ridkivtsi	48.33902	26.07342	PPL	4376	Редковцы,Рідківці
geonames:695695	Richky	51.12226	34.49399	PPLA3	2126	Речки,Річки
geonames:695697	Richky	50.27725	23.64704	PPL	1319	Речки,Річки
geonames:695699	Rechka	48.28034	24.9333	PPL	2075	Речка,Річка
geonames:695716	Rozumivka	47.75392	35.13938	PPL	1989	Разумовка,Розумівка
geonames:695729	Rozdory	48.32936	35.71204	PPL	1721	Раздоры,Роздори
geonames:695739	Rozdolne	46.15729	33.23413	PPL	1336	Раздольне,Роздольне
geonames:695740	Rozdolne	45.77019	33.49092	PPLA2	7326	Раздольное,Роздольне
geonames:695746	Rayske	48.57354	37.46046	PPL	1043	Райское,Райське
geonames:695762	Raihorodok	48.90209	37.72467	PPL	3166	Райгородок
geonames:695781	Rava-Ruska	50.23249	23.62175	PPLA3	8494	Рава-Русская,Рава-Руська
geonames:695789	Ratne	51.66919	24.52644	PPLA3	9657	Ратне
geonames:695791	Huta	51.62912	24.12636	PPL	1732	Гута
geonames:695798	Rozsypne	48.14966	38.57619	PPL	4911	Розсипне
geonames:695813	Rashkiv	48.51049	26.26889	PPL	1150	Рашков,Рашків
geonames:695814	Rashivka	50.22562	33.88896	PPL	2023	Рашевка,Рашівка
geonames:695821	Ralivka	49.50012	23.23018	PPLA3	3926	Ралевка,Ралівка
geonames:695826	Rakiv Lis	51.62174	24.92427	PPL	2958	Раков Лис,Раків Ліс
geonames:695844	Rakoshyno	48.46631	22.59692	PPL	3145	Rаkоsynо,Ракошин,Ракошино
geonames:695851	Rokytne	49.14189	33.53137	PPL	1124	Рокитне
geonames:695854	Rokytne	48.32978	26.19039	PPL	2468	Ракитное,Рокитне
geonames:695859	Rakhiv	48.05472	24.20314	PPLA2	15621	Рахов,Рахів
geonames:695872	Rafalivka	51.3118	25.99323	PPLA3	3462	Рафаловка,Рафалівка,Рафаліўка
geonames:695889	Radushne	47.81548	33.51015	PPL	3863	Радушне,Радушное
geonames:695895	Radisnyy Sad	46.90089	31.98839	PPL	1978	Радостный Сад,Радсад,Радісний Сад
geonames:695903	Radisne	47.0002	30.33928	PPL	1574	Радисне,Радісне
geonames:695912	Radomyshl	50.4962	29.23003	PPLA3	15252	Радомишль,Радомышль
geonames:695925	Radyvonivka	46.65949	35.24875	PPL	1809	Радивоновка,Радивонівка
geonames:695930	Radens’k	46.5486	32.92787	PPL	3972	Radens'k,Раденск,Раденськ
geonames:695935	Radekhiv	50.28086	24.63836	PPLA3	9680	Радехов,Радехів
geonames:695937	Radcha	48.85081	24.65603	PPL	2927	Rаdtsа,Радча
geonames:695965	Pyatykhatky	48.40821	33.70919	PPL	18140	Пятихатки,Пјатихатки
geonames:695970	Pyatikhatka	45.32347	34.25516	PPLA3	2375	Бешуй-Эли,Пятихатка,П’ятихатка
geonames:695999	Puzhaykovo	48.10883	29.82747	PPL	2163	Пужайкове
geonames:696008	Putyvl	51.33529	33.86885	PPLA3	14886	Путивль
geonames:696017	Putyla	47.99343	25.08757	PPL	3434	Путила,Путыла
geonames:696023	Pustoviitove	49.33856	33.37795	PPL	1164	Пустовойтово,Пустовійтове
geonames:696032	Pustomyty	49.71687	23.90677	PPLA3	9434	Пустомити,Пустомыты
geonames:696040	Pushkino	45.20373	34.97642	PPLA3	1098	Пушкино,Пушкіне,Эсен-Эки
geonames:696050	Pushcha-Vodytsya	50.53858	30.35565	PPL	3400	Пуща-Водиця
geonames:696061	Pukiv	49.39545	24.696	PPL	1052	Pukіv,Пуков,Пуків
geonames:696063	Pukhivka	50.6097	30.7177	PPL	1996	Пуховка,Пухівка
geonames:696108	Pryluky	50.59525	32.38382	PPLA2	52553	Прилуки
geonames:696114	Pryamobalka	45.89069	29.30175	PPL	1075	Денневіц,Прямобалка
geonames:696127	Prudianka	50.23606	36.16835	PPL	1924	Прудянка
geonames:696128	Prudy	45.23922	34.70217	PPLA3	1876	Аблеш,Пруди,Пруды
geonames:696140	Protopopivka	49.2429	36.91416	PPL	1253	Протопоповка,Протопопівка
geonames:696141	Protopopivka	48.74555	33.04191	PPL	2417	Протопоповка,Протопопівка
geonames:696150	Prosyana	48.11368	36.37175	PPL	4840	Просяна,Просяная
geonames:696169	P'yatypill'ya	48.0159	38.09979	PPL	3158	П'ятипілля,Пролетарське,Пятиполье / Пролетарское
geonames:696200	Dyakivtsi	48.1	26.25	PPL	1203	Дьяковцы,Дяківці
geonames:696204	Pryyutivka	48.72925	33.06617	PPL	3148	Приютовка,Приютівка
geonames:696218	Pryvillia	49.00556	38.29883	PPL	6520	Асесорське,П'ята рота,Приволье,Привілля,Привільне
geonames:696231	Pryvilne	47.49339	32.29702	PPL	2659	Привольное,Привільне
geonames:696239	Pryvitne	45.11969	35.0596	PPLA3	3134	Приветное,Привітне
geonames:696240	Privetnoye	44.82145	34.67935	PPL	1867	Приветное,Привітне,Ускут
geonames:696262	Pryshyb	47.25614	35.32426	PPL	3110	Пришиб,Прышыб
geonames:696274	Pryozerne	45.60961	29.16376	PPL	1778	Приозерне,Приозёрное,Чемошир
geonames:696275	Priozyornoye	45.2699	36.33405	PPLA3	3005	Приозерне,Приозерное,Чурубаш
geonames:696278	Prymorske	47.6449	35.29074	PPL	3840	Приморське
geonames:696279	Prymorske	47.31476	37.94474	PPL	1407	Приморское,Приморське
geonames:696280	Sartana	47.17523	37.69184	PPLA3	10070	Приморское,Сартана
geonames:696281	Prymorske	46.17695	33.02563	PPL	1680	Приморське
geonames:696282	Prymorske	45.69012	29.7974	PPL	1841	Приморское,Приморське,Шагани
geonames:696283	Prymors’ke	45.51761	29.60528	PPL	1612	Prymors'ke,Жебрияны,Жебріяни,Приморское,Приморське
geonames:696291	Primorskyi	45.11201	35.4786	PPL	12560	Дальние Камыши,Приморский,Приморський,Хафуз
geonames:696292	Prymorsk	46.73415	36.34599	PPLA3	11157	Ногайськ,Обіточне,Приморск,Приморськ
geonames:696299	Prylymanske	46.42369	30.61446	PPL	3852	Прилиманське
geonames:696300	Prylisne	51.37596	25.52274	PPLA3	2685	Прилесное,Прилісне
geonames:696302	Prykolotne	50.16273	37.34524	PPL	2499	Приколотне,Приколотное,Прыкалотнэ
geonames:696321	Prybuzhzhya	47.67286	31.23443	PPL	1989	Ак-Мечеть,Акмечетка,Ахмечетка,Прибужжя,Прибужье
geonames:696323	Prybuzhany	47.53026	31.32523	PPLA3	2013	Кантакузенка,Прибужани
geonames:696325	Prybuzske	46.77968	32.09732	PPL	1440	Прибугское,Прибузьке
geonames:696328	Pryborzhavske	48.34493	23.22503	PPL	3359	Приборжавське
geonames:696332	Pryazovske	46.73123	35.64082	PPLA2	6578	Покровка Вторая,Покровка Друга,Приазовское,Приазовське
geonames:696336	Pryvoroky	48.10648	26.03536	PPL	1284	Привороки
geonames:696348	Preobrazhenka	47.58053	35.8008	PPLA3	3550	Преображенка
geonames:696371	Pravda	45.77903	33.84649	PPLA3	1474	Дер-Емес,Дер-Эмес,Правда
geonames:696381	Poznan	51.59314	27.47151	PPL	1375	Познань
geonames:696410	Potoky	49.0996	33.57899	PPL	1755	Потоки
geonames:696426	Potelych	50.20804	23.54674	PPL	2500	Потелич
geonames:696478	Poroshkovo	48.66832	22.75328	PPL	3645	Pоrоskоvо,Порошкове,Порошково
geonames:696483	Porohy	48.68493	24.25158	PPL	3004	Пороги
geonames:696517	Popivka	51.23429	33.11426	PPLA3	4345	Поповка,Попівка
geonames:696519	Popivka	50.4999	35.4514	PPL	1082	Поповка,Попівка
geonames:696521	Popivka	50.09893	33.63007	PPL	1712	Поповка,Попівка
geonames:696526	Popivka	49.45157	35.17796	PPL	3277	Поповка,Попівка
geonames:696557	Popilnia	49.9532	29.45265	PPL	6109	Попельня,Попільня
geonames:696566	Popasna	48.63168	38.37104	PPLA3	19199	Попасна,Попасная,Попасный
geonames:696572	Ponornytsia	51.72622	32.85255	PPLA3	2309	Понорница,Понорниця
geonames:696576	Poninka	50.18413	27.52817	PPL	7120	Панінка,Понинка,Понінка
geonames:696581	Pomichna	48.23975	31.40865	PPL	8750	Помошная,Помічна
geonames:696582	Pomoriany	49.64158	24.93508	PPLA3	1272	Памараны,Поморяни,Поморяны
geonames:696602	Polianka	50.25836	27.68809	PPL	1693	Палянка,Полянка
geonames:696607	Polyanetske	48.07338	30.12205	PPL	1568	Полянецкое,Полянецьке
geonames:696611	Poliana	48.62113	22.9669	PPLA3	2747	Поляна
geonames:696612	Poliana	48.4862	26.23527	PPL	1221	Поляна
geonames:696638	Poltavka	47.71764	36.48343	PPL	1113	Полтавка,Санжарівка
geonames:696643	Poltava	49.58925	34.55367	PPLA	279593	Балтавар,Лтава,Палтава,Полтав,Полтавæ,Полтава,Полтаве,Польтова
geonames:696660	Polonne	50.11944	27.50856	PPLA2	20785	Полонне,Полонное
geonames:696677	Polohy	47.47865	36.25463	PPLA2	18111	Пологи
geonames:696717	Pokrovske	49.73795	38.22486	PPL	1968	Покровское,Покровське
geonames:696718	Pokrovske	48.62351	38.1427	PPL	1333	Покровское,Покровське
geonames:696720	Pokrovske	47.98126	36.23446	PPL	9868	Покровское,Покровське
geonames:696721	Pokrovske	47.55211	34.15212	PPLA3	2774	Нова Січ,Новая Сечь,Покровское,Покровське
geonames:696726	Pokrovska Bahachka	49.86127	33.14946	PPL	1369	Покровская_богачка,Покровська Багачка
geonames:696736	Pokrovka	47.35326	31.52365	PPL	1027	Покровка
geonames:696739	Ivanivka	46.6541	31.66495	PPL	1341	Іванівка,Ивановка
geonames:696743	Pokotylivka	49.91343	36.17511	PPL	9962	Пакатыліўка,Покотиловка,Покотилівка
geonames:696760	Pohreby	50.55453	30.64455	PPL	2087	Погреби,Погребы
geonames:696762	Pohreby	50.09182	32.18982	PPL	1079	Погреби,Погребы
geonames:696771	Pohrebyshche	49.48508	29.25988	PPLA3	9620	Погребище
geonames:696787	Pohorilivka	48.54744	25.96418	PPL	1605	Погориловка,Погорілівка
geonames:696821	Podvirne	48.29848	26.62016	PPL	2440	Подворное,Подвірне
geonames:696823	Pidvolochysk	49.53131	26.14401	PPLA2	7843	Подволочиск,Підволочиськ
geonames:696824	Pidvynohradiv	48.13843	22.97304	PPL	4206	Підвиноградів
geonames:696858	Podorozhnie	49.04916	33.06713	PPL	1691	Подорожное,Подорожнє
geonames:696869	Podoly	49.69129	37.67771	PPL	2376	Подоли
geonames:696902	Pidlypne	51.19799	33.21157	PPL	4015	Подлипное,Підлипне
geonames:696903	Pidlyman	49.33689	37.60461	PPL	1460	Пидлиман,Підлиман
geonames:696913	Pidlisne	48.78384	32.25212	PPL	1022	Подлесное,Підлісне
geonames:696928	Pidkamin	49.9452	25.3177	PPLA3	1895	Подкамень,Підкамінь
geonames:696938	Pidhirtsi	49.94611	24.9795	PPL	1076	Подгорцы,Підгірці
geonames:696943	Pidhorodnye	48.57422	35.09702	PPL	19138	Подгородное,Підгородне,Підгороднє
geonames:696948	Pidhorodna	48.10846	30.88939	PPL	2150	Пидгородна,Подгородная,Підгародна,Підгородна
geonames:696953	Pidhirne	48.39775	23.0286	PPL	1057	Пидгирне,Підгірне
geonames:696959	Pidhirne	46.24692	29.04207	PPL	1763	Кульм,Мадар,Подгорное,Підгірне,Підгірнэ
geonames:696964	Pidhaytsi	50.71312	25.4037	PPLA3	3085	Пидгайци,Підгайці
geonames:696966	Pidhaytsi	49.2678	25.12766	PPLA2	2688	Подгайцы,Підгайці
geonames:696989	Pidbuzh	49.33194	23.25117	PPL	2739	Подбуж,Підбуж
geonames:696999	Poshtove	44.8354	33.96159	PPLA3	3086	Базарчик,Почтовое,Поштове
geonames:697006	Pochayiv	50.00412	25.5093	PPL	7691	Почаев,Почаїв
geonames:697018	Pobuzke	48.1595	30.59247	PPL	5897	Побугское,Побузьке
geonames:697024	Pobednoye	45.70109	34.44805	PPLA3	3108	Победное,Побєдне,Тарханлар
geonames:697035	Pnikut	49.71006	23.1329	PPL	1101	Пникут,Пнікут
geonames:697038	Pniv	48.61487	24.52783	PPL	4443	Pnіv,Пнев,Пнів
geonames:697051	Plotycha	49.62429	25.56264	PPL	1390	Плотича
geonames:697064	Ploske	48.6649	22.89684	PPL	1080	Плоске,Плоское
geonames:697077	Plodovoye	44.87156	33.85615	PPLA3	1090	Азек,Плодове,Плодовое
geonames:697078	Raikhenfeld	47.16548	35.31472	PPL	1577	Плодородне,Райхенфельд
geonames:697115	Plavni	45.39632	28.58239	PPL	3029	Plаvnі,Барта,Плавни,Плавні
geonames:697124	Koktebel	44.96462	35.24767	PPL	2807	Кактэбель,Коктебель
geonames:697126	Plakhtiyivka	46.095	29.7189	PPL	5237	Плахтиевка,Плахтьеженка,Плахтіївка
geonames:697132	Piylo	49.00321	24.30969	PPL	2150	Пийло,Пуйло,Пійло
geonames:697135	Pivdenne	49.88134	36.06807	PPLA3	7319	Пивденное,Південне
geonames:697158	Pishcha	51.60928	23.82079	PPL	1162	Пища,Піща
geonames:697177	Pysarivka	48.04988	29.04549	PPL	1677	Писаревка,Писарівка
geonames:697183	Pyryatyn	50.24388	32.5203	PPL	14988	Пирятин
geonames:697184	Pyrizhna	48.16161	29.09932	PPL	1322	Пирожная,Пиріжна
geonames:697203	Pionerskoye	44.88083	34.20194	PPL	5534	Джолман,Пионерское,Піонерське
geonames:697230	Pylypets	48.65899	23.28346	PPL	1104	Пилипец,Пилипець
geonames:697245	Piyi	49.87524	31.12605	PPL	1019	Пии,Пії
geonames:697269	Petrivtsi	49.87751	33.51587	PPL	1685	Петровцы,Петрівці
geonames:697273	Petrivske	49.17421	36.89548	PPL	3275	Петровское,Петрівське
geonames:697276	Petrovo-Krasnosillya	48.29662	38.87892	PPL	12642	Петрово-Красносілля,Петровское,Петровське
geonames:697325	Petrove	48.33809	33.2653	PPLA2	7150	Петрове,Петрово
geonames:697327	Pyiterfolvo	48.06704	22.92274	PPLA3	2064	Петрове,Пийтерфолво
geonames:697331	Petrivka-Romenska	50.37025	33.74736	PPLA3	3003	Петровка-Роменская,Петрівка-Роменська
geonames:697363	Novospaske	48.38733	37.78328	PPL	1009	Новоспаске,Новоспасское,Новоспаське,Петровка,Петрівка
geonames:697384	Buialyk	46.91057	30.72032	PPL	4595	Буялик,Буялык,Петрівка
geonames:697392	Petrivka	46.31283	29.95259	PPL	1031	Петровка,Петрівка
geonames:697396	Petrovka	45.49776	34.28816	PPLA3	6714	Петровка,Петрівка
geonames:697418	Petropavlivska Borshchahivka	50.43379	30.32871	PPLA3	6485	Петропавловская Борщаговка,Петропавлівська Борщагівка
geonames:697421	Petropavlivka	49.72052	37.70905	PPLA3	2486	Петропавловка,Петропавлівка
geonames:697423	Petropavlivka	48.46353	36.43061	PPL	6944	Петропавловка,Петропавлівка
geonames:697439	Petropavlivka	46.34171	29.56007	PPL	1120	Петропавловка,Петропавлівка
geonames:697445	Petrodolynske	46.43382	30.40377	PPL	3118	Петродолинське
geonames:697450	Kurisove	46.96885	30.95867	PPLA3	3676	Курисово,Курісове,Петрівка
geonames:697455	Petrykivka	48.7264	34.61901	PPLA3	4896	Петриковка,Петриківка
geonames:697457	Petrykiv	49.52782	25.58097	PPL	3033	Петриків
geonames:697461	Petrivsk	46.44711	28.9701	PPL	1410	Петровск,Петрівськ
geonames:697473	Petranka	48.90526	24.30618	PPL	2929	Петранка
geonames:697488	Pisochyn	49.9516	36.10262	PPLA3	23509	Песочин,Пісочин
geonames:697489	Piskivka	50.69415	29.62175	PPLA3	6889	Пісківка
geonames:697492	Pisky-Radkivski	49.26666	37.60666	PPL	2507	Пески-Радьковские,Піски-Радьківські
geonames:697498	Pisky	50.37267	33.4546	PPL	2230	Пески,Піски
geonames:697509	Pesets	48.77741	27.19139	PPL	1000	Песець
geonames:697519	Pishchane	51.50758	25.16731	PPL	1450	Пищане,Піщане
geonames:697522	Pishchane	49.74116	34.15304	PPL	1029	Пищане,Піщане
geonames:697523	Pishchane	49.74603	31.84295	PPLA3	3827	Песчаное,Піщане
geonames:697527	Pishchane	49.12334	33.39692	PPLA3	4931	Песчаное,Піщане
geonames:697536	Pishchanka	48.61171	35.32952	PPLA3	4228	Песчанка,Пішанка,Піщанка
geonames:697537	Pishchanka	48.21249	28.88056	PPL	5311	Песчанка,Піщанка
geonames:697543	Pischchana	48.12918	29.73086	PPL	3234	Пищана,Піщана
geonames:697546	Pershozvanivka	48.33778	39.42556	PPL	1071	Первозвановка,Першозванівка
geonames:697562	Avdiyivske	48.09989	37.5952	PPL	2208	Авдіївське,Бур'янівка,Первомайське
geonames:697568	Pervomayske	45.71744	33.85596	PPL	8470	Джурчи,Первомайское,Первомайське
geonames:697576	Zlatopil	49.37646	36.21848	PPL	28510	Златапіль,Златопиљ,Златополь,Златопіль,Лихачеве,Лихачёво,Первомайский,Первомайський
geonames:697579	Pervomayskyi	47.97331	38.78999	PPL	3045	Первомайское,Первомайський
geonames:697588	Pervomayskoye	45.11207	34.06478	PPLA3	2247	Бейтаныш,Первомайское,Первомайське
geonames:697592	Sokolohirsk	48.6279	38.52389	PPL	36091	Первомайск,Первомайськ,Сокологірськ
geonames:697593	Pervomaysk	48.04478	30.84784	PPLA2	62426	Первомайск,Первомайськ,Первомајск
geonames:697608	Kvartsytne	51.39313	28.87106	PPL	2350	Кварцитне,Першотравневе,Першотравневи,Першотравневое,Пэршатраўнэвэ
geonames:697613	Manhush	47.05625	37.31193	PPL	7731	Мангуш,Першотравневе,Першотравневое
geonames:697614	Vyshneve	45.48163	29.04625	PPL	2046	Вишневе,Першотравневе
geonames:697616	Shakhtarske	48.3479	36.39637	PPL	27573	Першотравенск,Першотравенськ,Шахтарске,Шахтарскэ,Шахтарське,Шахтерское
geonames:697624	Perovo	44.92513	34.05753	PPLA3	3890	Бадана,Перове,Перово
geonames:697628	Perkivtsi	48.44747	26.65056	PPL	1399	Перковцы,Перківці
geonames:697637	Pereiaslav	50.06739	31.44969	PPL	26273	Переяслав,Переяславль
geonames:697650	Perevalsk	48.43921	38.82839	PPL	24817	Перевальск,Перевальськ
geonames:697653	Perevalne	44.84838	34.31271	PPL	3426	Ангара,Ангъара,Перевальне,Перевальное
geonames:697671	Pereshchepyne	49.02512	35.36885	PPL	9720	Перещепине,Перещепино
geonames:697676	Peresichna	50.02452	35.97871	PPL	6894	Пересечная,Пересічна
geonames:697677	Peresadivka	47.11353	32.1908	PPL	3141	Пересадовка,Пересадівка
geonames:697692	Peremyshliany	49.66929	24.55759	PPLA3	7284	Перемишляни,Перемышляны
geonames:697710	Peremyliv	49.2571	25.92898	PPL	1202	Перемилов,Перемилів
geonames:697711	Peremyl	50.39445	25.15713	PPL	1041	Перемиль
geonames:697739	Perehonivka	48.5323	30.52194	PPLA3	3354	Перегоновка,Перегонівка
geonames:697741	Perehinske	48.81118	24.19196	PPL	12681	Перегинске,Перегинское,Перегінське,Пэрэгінскэ
geonames:697750	Perechyn	48.73494	22.47718	PPLA2	6683	Перечин
geonames:697751	Perebykivtsi	48.58701	26.13817	PPL	2292	Перебикивци,Перебиківці
geonames:697771	Pelahiivka	48.10752	38.61338	PPL	17877	Пелагеевка,Пелагіївка
geonames:697802	Pechenizhyn	48.51668	24.88317	PPL	5240	Печенежин,Печеніжин,Пэчэнижын,Пэчэніжын
geonames:697803	Pechenihy	49.86931	36.9386	PPLA3	5112	Печенеги,Печеніги,Пэчэнігы
geonames:697815	Pavoloch	49.86704	29.45535	PPL	1437	Pаvоlоts,Павалач,Паволоч,Паволочь,Поволоч,Поволочь
geonames:697817	Pavlysh	48.92301	33.36076	PPL	4632	Павлиш,Павлыш
geonames:697839	Pavlivka	49.60978	38.70107	PPL	1135	Павловка,Павлівка
geonames:697841	Pavlivka	49.44291	28.4645	PPL	3635	Pаvlіvkа,Павловка,Павлівка,Паўліўка
geonames:697849	Pavlivka	48.98945	33.26859	PPL	2000	Павловка,Павлівка
geonames:697871	Pavlivka	47.06411	32.85069	PPL	1119	Павловка,Павлівка
geonames:697877	Pavlivka	45.96102	29.48856	PPL	2556	Павловка,Павлівка
geonames:697889	Pavlohrad	48.53214	35.86878	PPLA2	101430	Павлоград,Паўлаград
geonames:697908	Patskanyovo	48.58542	22.60885	PPL	1074	Пацканьове,Пацканьово
geonames:697924	Pasytsely	47.83015	29.68384	PPL	1369	Пасицели
geonames:697925	Pasika	48.53027	22.90551	PPL	1193	Пасека,Пасіка
geonames:697931	Pashkivtsi	48.39409	26.48164	PPL	1027	Пашковцы,Пашківці
geonames:697945	Pasichna	48.56995	24.41545	PPLA3	4530	Pаsіtsnа,Пасечная,Пасічна
geonames:697953	Parutyne	46.70538	31.89709	PPL	1996	Pаrutynе,Ольвія,Парутине,Парутино
geonames:697957	Rykove	46.33067	34.74855	PPL	3524	Партизани,Партизаны,Рикове,Риково,Рыкавэ,Рыково
geonames:697959	Partizanskoye	44.83379	34.08465	PPL	2079	Партизанское,Партизанське,Сабла,Саблы
geonames:697971	Parkhomivka	50.12305	35.00563	PPL	3679	Пархомовка,Пархомівка
geonames:697974	Makariv Yar	48.57722	39.71693	PPL	1470	Макаров Яр,Макарів Яр,Пархоменко
geonames:697999	Parafiivka	50.87841	32.64848	PPLA3	2212	Парафиевка,Парафіївка
geonames:698003	Lymanivka	48.93765	36.27721	PPL	7038	Лиманивка,Лимановка,Лиманівка,Панютине,Панютино
geonames:698006	Panteleymonivka	48.20155	37.97394	PPL	7727	Пантелеймоновка,Пантелеймонівка
geonames:698008	Pantayivka	48.67691	32.89802	PPL	2633	Пантаевка,Пантаївка
geonames:698023	Panka	48.17435	25.64795	PPL	2469	Панка
geonames:698028	Pancheve	48.74113	31.85441	PPL	1844	Панчеве,Панчево
geonames:698033	Pamiatne	46.36685	32.21745	PPL	1260	Памятне,Пам’ятне
geonames:698069	Ozhydiv	49.96087	24.81408	PPL	2088	Ожидов,Ожидів
geonames:698070	Ozheve	48.55786	27.4641	PPL	1118	Ожеве,Ожево
geonames:698088	Ozeryanivka	48.2737	37.97252	PPL	1154	Озеряновка,Озерянівка
geonames:698102	Ozerne	50.17816	28.73384	PPL	5777	Азэрнэ,Озерне,Озерни,Озёрное
geonames:698107	Ozerne	45.40559	28.66861	PPL	5370	Бабель,Генерал Авереску,Озерне,Озерное
geonames:698110	Ozerna	49.62823	25.33118	PPLA3	3451	Озерна,Озерная
geonames:698116	Ozera	48.99179	33.95099	PPL	1280	Озера
geonames:698131	Ovruch	51.3274	28.80165	PPLA3	15332	Аўруч,Беручій,Вручай,Вручев,Збручий,Овруч,Овруче,Овручов,Овручій,Оўруч,Уручій
geonames:698138	Ovidiopol	46.24721	30.43746	PPL	11572	Овидиополь,Овідіополь
geonames:698142	Otyniia	48.73792	24.86115	PPL	5444	Атынія,Отинія,Отыния
geonames:698163	Odradokamyanka	46.7857	33.30217	PPL	2285	Одрадокамянка,Одрадокам’янка
geonames:698164	Odradivka	46.37758	34.44588	PPL	1267	Одрадівка,Отрадовка
geonames:698200	Ostrovskoye	45.74232	34.06607	PPLA3	1123	Кият,Островское,Островське
geonames:698204	Ostrivne	45.76031	29.15348	PPL	1306	Островное,Острівне
geonames:698232	Ostroh	50.32897	26.52113	PPLA3	14894	Астрог,Острог
geonames:698235	Ostrytsya	48.25792	26.05186	PPL	3986	Острица,Остриця
geonames:698247	Oster	50.94966	30.87735	PPLA3	5564	Остер
geonames:698250	Ostapie	49.54613	33.76447	PPL	1029	Остапье,Остап’є
geonames:698316	Osypenko	46.9132	36.82221	PPLA3	4667	Асыпэнка,Оsypеnkо,Осипенко
geonames:698328	Osychky	48.13289	30.02816	PPL	2531	Осички
geonames:698332	Oshykhliby	48.42337	25.70484	PPL	2092	Ошихлебы,Ошихліби
geonames:698346	Orzhytsya	49.78949	32.69794	PPL	3488	Оржица,Оржиця
geonames:698347	Orzhiv	50.75227	26.11907	PPL	3835	Оржев,Оржыў,Оржів
geonames:698356	Orlianske	47.3339	35.09869	PPL	2974	Орлянское,Орлянське
geonames:698360	Orlovskoye	45.8107	33.97308	PPLA3	1014	Бай-Болуш,Орловское,Орлівське,Сырт-Бий-Болуш
geonames:698366	Orlove	47.06816	35.58398	PPL	1105	Орлове
geonames:698379	Orlivka	45.31659	28.44046	PPL	3047	Картал,Орловка,Орлівка
geonames:698391	Orlyne	44.44685	33.77588	PPLA3	2106	Байдары,Орлине,Орлиное
geonames:698394	Orlyk	48.85964	34.23279	PPL	1754	Орлик
geonames:698419	Orikhivka	49.96968	33.27312	PPL	1628	Новоореховка,Ореховка,Оріхівка
geonames:698420	Orikhivka	48.29083	39.20306	PPL	1656	Ореховка,Оріхівка
geonames:698422	Orikhivka	45.80679	28.90336	PPL	2426	Ореховка,Оріхівка,Пандъкли
geonames:698428	Orikhiv	47.57613	35.78333	PPLA2	14479	Орехов,Оріхів
geonames:698436	Pokrov	47.65361	34.11488	PPL	37493	Орджонікідзе,Покров
geonames:698438	Kayhador	44.96401	35.35576	PPL	2572	Кайгадор,Орджоникидзе,Орджонікідзе
geonames:698450	Orativ	49.18594	29.52889	PPLA3	2786	Оратов,Оратів
geonames:698461	Oprysheny	48.05334	26.02699	PPL	9376	Опришени,Опришены
geonames:698462	Opishnya	49.95948	34.60634	PPL	5278	Опошня,Опішня
geonames:698479	Onufriyivka	48.89917	33.44954	PPLA2	3855	Онуфриевка,Онуфріївка
geonames:698483	Onokivtsi	48.65695	22.34183	PPLA3	2187	Анокіўці,Оnоkіvtsі,Оноковцы,Оноківці
geonames:698484	Onok	48.22454	23.00378	PPL	3094	Онок
geonames:698497	Omelnyk	49.20826	33.54679	PPLA3	1811	Омельник
geonames:698502	Olyka	50.72272	25.81208	PPLA3	3060	Алыка,Олика,Олыка
geonames:698506	Vilshany	50.0544	35.88233	PPL	6682	Вільшани,Ольшаны
geonames:698509	Vilshany	48.33863	23.61407	PPL	1125	Вильшани,Вільшани
geonames:698510	Olshanske	47.1724	31.76498	PPL	3622	Ольшанское,Ольшанське
geonames:698523	Vilshanka	48.23421	30.87285	PPLA2	4596	Вільшанка,Ольшанка
geonames:698534	Vilshana	49.21708	31.2177	PPL	2956	Вільшана,Ольшана
geonames:698543	Vilkhivtsi	48.10658	23.74842	PPLA3	3374	Вільхівці,Ольховцы
geonames:698550	Vilkhivka	48.26513	23.06739	PPL	1857	Вільхівка
geonames:698555	Vilkhovets	49.03626	30.8877	PPL	3048	Вільховець,Ольховец
geonames:698562	Vilkhuvatka	50.1865	37.51511	PPLA3	1294	Вільхуватка,Ольховатка
geonames:698570	Olyshivka	51.21862	31.33582	PPLA3	1794	Алышыўка,Олишевка,Олишивка,Олишівка
geonames:698572	Olhivka	46.79243	33.19597	PPL	1266	Ольгівка
geonames:698574	Olhopil	48.17961	29.48856	PPLA3	3897	Ольгополь,Ольгопіль,Рогизка Чечельницкая
geonames:698584	Olhynka	47.69527	37.50895	PPLA3	2929	Ольгинка
geonames:698597	Olevsk	51.22482	27.65228	PPL	10032	Олевск,Олевськ
geonames:698598	Olesko	49.96233	24.89336	PPL	1418	Алэська,Олеско,Олесько
geonames:698606	Oleshnyk	48.16532	22.96249	PPL	4696	Олешник
geonames:698609	Oleshyn	49.47055	26.93801	PPL	2309	Олешин
geonames:698614	Olenivka	47.8272	37.65982	PPL	4513	Оленовка,Оленівка
geonames:698616	Olenyne	51.53693	25.31017	PPL	1057	Оленине
geonames:698625	Oleksandriya	48.67466	33.11761	PPLA2	76097	Александрия,Олександрія
geonames:698627	Oleksandrivka	48.968	32.23968	PPLA2	8464	Александровка,Олександрівка
geonames:698644	Kermenchyk	47.71005	36.94016	PPL	1100	Керменчик,Октябрське
geonames:698648	Oktyabr’skoye	45.65531	33.94918	PPLA3	1192	Oktyabr'skoye,Октябрське,Октябрьское,Юдендорф
geonames:698651	Oktyabr'skoye	45.36215	36.36803	PPLA3	1415	Октябрське,Октябрьское
geonames:698652	Biyuk-Onlar	45.28866	34.13521	PPLA3	10244	Биюк-Онлар,Буюк-Онлар,Біюк-Онлар,Октябрське,Октябрьское
geonames:698676	Okonsk	51.2521	25.55016	PPL	1113	Оконськ
geonames:698690	Okhotskoye	45.48612	34.86401	PPLA3	1328	Аликеч,Охотское,Охотське
geonames:698692	Okhotnikovo	45.23985	33.59405	PPLA3	1550	Джага-Кущу,Охотникове,Охотниково
geonames:698740	Odesa	46.48572	30.74383	PPLA	1010537	Адэса,Жемчужина у моря,Коцюбіїв,Одеса,Одесс,Одессæ,Одесса,Одесса ош,Одессе,Перлина Чорного моря,Південна Пальміра,Південна столиця,Столица Юмора,Хаджибей,Южная столица
geonames:698759	Ocheretyne	48.24446	37.61575	PPLA3	4068	Очеретине,Очеретино
geonames:698770	Ochakiv	46.61472	31.54505	PPLA3	13663	Ачакаў,Очаков,Очаків
geonames:698782	Obukhiv	50.11632	30.63329	PPLA2	31557	Обухив,Обухов,Обухів
geonames:698790	Obroshyne	49.78382	23.87222	PPLA3	4186	Аброшынэ,Оbrоsynе,Оброшин,Оброшине,Оброшини
geonames:698803	Obolon	49.60405	32.87445	PPLA3	5063	Оболонь
geonames:698807	Obodivka	48.40529	29.2475	PPLA3	3378	Ободовка,Ободівка
geonames:698825	Obertyn	48.69954	25.16901	PPL	2957	Обертин
geonames:698837	Nyrkiv	48.81433	25.59909	PPL	1013	Нирків,Нырков
geonames:698840	Nuino	51.54628	24.91018	PPL	1681	Нуйно
geonames:698852	Novyi Yarychiv	49.90461	24.30471	PPLA3	2841	Нови Ярычев,Новий Яричів,Новы Ярычыў,Новый Ярычев
geonames:698861	Novyi Svit	47.80669	38.02102	PPL	9488	Нов.Свет,Новий Світ
geonames:698866	Novyi Svit	44.83087	34.9137	PPL	1248	Новий Світ,Новый Свет,Парадиз
geonames:698869	Novyi Starodub	48.5149	33.17133	PPL	4777	Нов.Стародуб,Новий Стародуб,Новый Стародуб
geonames:698874	Novyi Rozdil	49.47136	24.13352	PPLA3	28304	Новий Розділ,Новый Раздол
geonames:698905	Novyi Korets	50.61484	27.14159	PPL	2303	Новий Корець
geonames:698916	Novofastiv	49.57854	29.45393	PPL	1154	Голофастов,Голофастів,Новий Фастів,Новофастов,Новофастів,Новохвастов,Новый Фастов
geonames:698921	Novi Troyany	45.943	28.85947	PPL	4234	Нови Трояни,Новые Трояны,Нові Трояни
geonames:698927	Novi Sanzhary	49.33379	34.31496	PPLA2	8179	Новые Санжары,Нові Санжари
geonames:698929	Novi Petrivtsi	50.62677	30.44281	PPLA3	7700	Nоvі Pеtrіvtsі,Наві Пэтрыўці,Новые Петровцы,Нові Петрівці
geonames:698939	Novi Broskivtsi	48.22045	25.70484	PPL	1469	Новые Бросковцы,Нові Бросківці
geonames:698940	Novi Borovychi	51.93466	31.86465	PPL	1001	Нов.Боровичи,Нові Боровичі
geonames:698943	Novi Bilokorovychi	51.11548	28.05463	PPL	3251	Новые Белокоровичи,Нові Білокоровичі
geonames:698950	Novyi Bykiv	50.6006	31.67231	PPL	2024	Нов.Быков,Новий Биків
geonames:698953	Novyi Buh	47.69057	32.51214	PPLA2	14969	Новий Буг,Новый Буг
geonames:698957	Novyi Bilous	51.53564	31.18894	PPLA3	1394	Новий Білоус
geonames:698973	Novozlatopil	47.66214	36.56898	PPL	1006	Новозлатополь,Новозлатопіль
geonames:698976	Novozhilovka	45.1596	34.2327	PPLA3	1679	Бешаран-Отар,Новожиловка,Новожилівка
geonames:698993	Berehuifalu	48.28333	22.81667	PPL	1926	Берегуйфалу
geonames:698994	Nove Selo	48.11838	22.88635	PPL	1741	Нове Село,Новое Село
geonames:699001	Novoyelizavetivka	47.1538	30.39987	PPL	1501	Новоелизаветовка,Новоєлизаветівка
geonames:699014	Novoyehorivka	47.32167	32.4871	PPL	1454	Новоегоровка,Новоєгорівка
geonames:699015	Nove Davydkovo	48.44079	22.6229	PPL	3853	Nоvе Dаvydkоvо,Нове Давидково,Нове Давыдково,Новое Давыдково
geonames:699016	Dubky	44.93581	34.02355	PPL	2256	Дубки,Новое Будке
geonames:699034	Novovorontsovka	47.50499	33.92317	PPL	6248	Миколаївка,Новаваранцоўка,Нововоронцовка
geonames:699035	Novovolynsk	50.72949	24.15976	PPLA3	49772	Нововолинськ,Нововолынск
geonames:699039	Novovodyane	47.42903	34.69024	PPL	1939	Нововодяне,Нововодяное
geonames:699047	Novovolodymyrivka	46.24721	32.39583	PPL	1046	Нововолодимировка,Нововолодимирівка
geonames:699061	Novovasylivka	46.82561	35.75604	PPL	2253	Новавасыліўка,Нововасилевка,Нововасиливка,Нововасилівка
geonames:699065	Novouspenivka	47.04783	35.03145	PPLA3	1014	Новоуспеновка,Новоуспенівка
geonames:699078	Novoukrayinka	48.31661	31.52355	PPLA2	16479	Новоукраинка,Новоукраїнка
geonames:699100	Novotroyitske	46.35088	34.33245	PPL	10647	Великий Сара Булат,Новотроицкое,Новотроїцьке,Сарибулат
geonames:699105	Kobzartsi	47.14387	32.76649	PPL	1081	Кобзарцы,Кобзарці
geonames:699111	Novotavriyske	47.81744	35.46043	PPL	1069	Новотавричеське,Новотаврійське
geonames:699121	Novosvitlivka	48.49285	39.50699	PPL	3648	Новосветловка,Новосвітлівка
geonames:699122	Novosvitlivka	47.19985	31.18437	PPL	1410	Новосвитловка,Новосвітлівка
geonames:699130	Novostepnoye	45.66206	34.387	PPL	1523	Ново-Джанкой,Новостепное,Новостепове
geonames:699145	Novosofiivka	46.16495	32.50594	PPL	1227	Новософиевка,Новософіївка
geonames:699174	Novoselytsya	48.43355	26.98904	PPL	2520	Новоселица,Новоселиця
geonames:699177	Novosilske	45.33425	28.57169	PPL	3572	Новосельское,Новосилске,Новосільське,Сатул-Ноу
geonames:699179	Novoselovskoye	45.44276	33.59795	PPLA3	3179	Новоселівське,Новосёловское,Фрайдорф
geonames:699185	Novoselivka	49.0701	37.69517	PPLA3	1397	Новоселовка
geonames:699203	Novoselivka	47.64773	29.61372	PPL	1640	Новоселовка,Новоселівка
geonames:699210	Novoselivka	47.16395	30.82627	PPL	1257	Новоселівка
geonames:699215	Novoselivka	46.00243	29.61461	PPL	3000	Новоселівка,Новосёловка,Сатуново,Ґура-Чіліґідер
geonames:699217	Novoselivka	45.67576	29.26511	PPL	1647	Єнікіой,Новоселівка,Новосёловка
geonames:699219	Novosyolovka	44.99377	33.83525	PPLA3	1425	Новоселівка,Новосёловка
geonames:699238	Novosilky	50.31219	30.07539	PPL	5316	Новосілки
geonames:699259	Mamayvtsi	48.34722	25.8275	PPL	5818	Мамаивцы,Мамаївці
geonames:699272	Novoselytsia	50.0703	27.51955	PPL	3185	Новоселица,Новоселиця
geonames:699282	Novoselytsia	48.69572	23.48058	PPL	1139	Новоселиця
geonames:699285	Novoselytsya	48.21812	26.26766	PPLA2	7588	Новоселица,Новоселиця
geonames:699286	Novoselytsia	48.16613	23.7577	PPL	3120	Новоселиця
geonames:699287	Novoselytsia	48.12926	23.22914	PPL	1435	Новоселиця
geonames:699294	Novosamarka	47.50997	29.52684	PPL	1005	Новосамарка
geonames:699311	Aydar	49.53316	39.11845	PPL	9619	Айдар,Новопсков
geonames:699320	Novopoltavka	47.54864	32.502	PPL	1115	Nоvоpоltаvkа,Новополтавка
geonames:699328	Novopokrovka	49.83584	36.55351	PPLA3	4841	Новапакроўка,Новопокровка
geonames:699329	Novopokrovka	48.05811	34.60812	PPL	1796	Новапакроўка,Новопокровка,Шамшове
geonames:699332	Novopokrovka	46.27368	34.07266	PPL	1004	Новопокровка
geonames:699333	Novopokrovka	45.42198	34.45052	PPLA3	1212	Бузавчи,Новопокровка
geonames:699334	Poltavka	45.35133	34.18371	PPLA3	1937	Новопокровка,Полтавка
geonames:699338	Novopidhorodnye	48.24609	36.90041	PPL	1002	Новоподгороднее,Новопідгородне,Новопідгороднє
geonames:699341	Novopetrivske	47.21275	31.80568	PPL	2369	Новопетровское,Новопетрівське
geonames:699347	Novopetrivka	47.03498	29.88667	PPL	2091	Новопетровка,Новопетрівка
geonames:699360	Novopetrivka	47.05824	32.6733	PPL	1722	Новопетрівка
geonames:699373	Novopavlivka	48.13816	36.78654	PPLA3	3425	Новопавловка,Новопавлівка
geonames:699410	Novomykolayivka	48.56125	34.37552	PPL	4006	Новомиколаївка,Новониколаевка
geonames:699413	Novomykolayivka	47.97362	35.89806	PPLA2	5238	Кочережки,Новомиколаївка,Новониколаевка
geonames:699424	Novomykolaivka	47.1247	35.2598	PPL	2164	Новомиколаевка,Новомиколаївка
geonames:699427	Novomykolaivka	46.96608	32.3587	PPL	1161	Новомиколаевка,Новомиколаївка
geonames:699430	Novomykolaivka	46.89002	35.20971	PPL	2164	Новомиколаевка,Новомиколаївка
geonames:699434	Novomykolaivka	46.229	32.73427	PPLA3	3600	Новомиколаевка,Новомиколаївка
geonames:699437	Novonikolayevka	45.30855	36.05749	PPLA3	1171	Качан,Качан-Беш-Кую,Новомиколаївка,Новониколаевка
geonames:699445	Samar	48.62893	35.2589	PPLA2	70550	Новомосковск,Новомосковськ,Новоселиця,Самар,Самарчик
geonames:699453	Novomyrhorod	48.79345	31.64904	PPLA3	10715	Новомиргород
geonames:699493	Novokrymskoye	45.78007	34.15543	PPLA3	1081	Борлак-Тама,Новокримське,Новокрымское
geonames:699499	Novokrasne	48.02426	31.36147	PPL	1696	Новокрасне,Новокрасное
geonames:699516	Novokyivka	46.35918	33.23533	PPL	1814	Новокиевка,Новокиївка
geonames:699531	Novokairy	47.01401	33.60062	PPL	1146	Новокаири,Новокаїри
geonames:699553	Zvyahel	50.59141	27.60884	PPLA2	55925	Звягель,Звјагел,Новоград-Волинський,Новоград-Волынский
geonames:699554	Novohuivynske	50.2069	28.69208	PPLA3	5240	Новогуйвинське
geonames:699557	Novohrodivka	48.20052	37.33883	PPLA3	14037	Новогродовка,Новогродівка
geonames:699571	Novoheorhiivka	47.77439	29.99344	PPL	1037	Новогеоргиевка,Новогеоргіївка
geonames:699574	Novohryhorivka	47.50394	31.42837	PPL	1039	Новогригоровка,Новогригорівка
geonames:699582	Novohryhorivka	46.408	34.98066	PPL	2408	Новогригоровка,Новогригорівка
geonames:699583	Novogrigoryevka	45.452	34.60378	PPLA3	1002	Новогригорьевка,Новогригорівка
geonames:699590	Novohradkivka	46.35851	30.48088	PPL	1865	Новоградковка,Новоградківка
geonames:699604	Hreyhove	47.11433	32.30029	PPL	1422	Грейгове,Грейгово
geonames:699607	Novofedorivka	46.17477	32.31765	PPL	5620	Новофедоровка,Новофедорівка
geonames:699615	Novodruzhesk	48.96351	38.35201	PPL	6705	Новодружеск,Новодружеськ
geonames:699617	Novodonetske	48.63512	36.98276	PPLA3	5895	Новодонецкое,Новодонецьке
geonames:699619	Voskhod	45.50999	34.39355	PPLA3	4808	Восход,Найлебен
geonames:699620	Novodnistrovsk	48.58321	27.43658	PPL	10590	Новоднестровск,Новодністровськ
geonames:699621	Novodniprovka	47.41155	34.76561	PPL	1644	Новоднепровка,Новодніпровка
geonames:699626	Novodmytrivka	47.35774	33.35152	PPL	1075	Новодмитровка,Новодмитрівка
geonames:699628	Novodmytrivka	46.20922	34.51602	PPL	1141	Новодмитровка,Новодмитрівка
geonames:699640	Novodanylivka	47.52715	35.82238	PPL	1006	Новоданиловка,Новоданилівка
geonames:699641	Novodanylivka	46.64567	35.02493	PPL	2070	Новоданиловка,Новоданилівка
geonames:699655	Novoborysivka	47.10274	29.98958	PPLA3	2277	Новоборисовка,Новоборисівка
geonames:699657	Novobohdanivka	47.08427	35.31898	PPLA3	3506	Новобогданівка
geonames:699675	Novoazovs'k	47.11389	38.08599	PPL	11051	Новоазовск
geonames:699677	Novoaidar	48.96288	39.00376	PPLA2	7773	Новоайдар
geonames:699678	Novoavramivka	49.79471	33.41824	PPL	1064	Новоаврамовка,Новоаврамівка
geonames:699680	Novoarkhanhelsk	48.66187	30.80705	PPLA2	6121	Архангелогород,Новоархангельск,Новоархангельськ
geonames:699688	Novohannivka	48.43565	39.52592	PPL	1471	Новоганновка,Новоганнівка
geonames:699698	Novoandreyevka	45.19904	34.09384	PPLA3	2778	Кашик-Дегирмен,Новоандреевка,Новоандріївка
geonames:699699	Novoamvrosiivske	47.8332	38.50048	PPL	2601	Новоамвросиевское,Новоамвросіївське
geonames:699706	Novooleksiyivka	46.22995	34.64576	PPL	10154	Новоалексеевка,Новоолексіївка
geonames:699722	Novooleksandrivka	48.26194	39.63714	PPL	1609	Новоалександровка,Новоолександрівка
geonames:699741	Novooleksandrivka	46.26864	33.41301	PPL	1316	Новоолександровка,Новоолександрівка
geonames:699746	Novytsia	48.96075	24.33312	PPLA3	3564	Nоvytsja,Новица,Новиця
geonames:699751	Nyu-York	48.33027	37.84114	PPL	9735	Новгородское,Новгородське,Ноўгарадскэ,Нью-Ёрк,Нью-Йорк
geonames:699753	Novhorod-Siverskyi	52.00684	33.2634	PPLA2	15175	Новгород,Новгород Северски,Новгород-Северский,Новгород-Сиверскый,Новгород-Сіверський,Новгородок,Новий Город,Ноўгарад-Северскі
geonames:699755	Chekhohrad	46.82747	35.1189	PPL	1180	Новгородковка,Новгородківка,Чехоград
geonames:699756	Kamyanets	48.36089	32.65469	PPLA2	5675	Кам'янець,Новгородка
geonames:699761	Nove Misto	48.98113	29.82813	PPL	3109	Нове Місто
geonames:699769	Nova Zburivka	46.45456	32.45277	PPL	7489	Нова Збур’ївка
geonames:699777	Nova Vodolaha	49.71875	35.8601	PPLA3	10455	Нова Вадалага,Нова Водолага,Новая Водолага
geonames:699790	Nova Sloboda	51.37492	34.12868	PPLA3	1568	Nоvа Slоbоdа,Нава Слабада,Нов.Слобода,Нова Слобода,Новая Слобода
geonames:699802	Nova Praha	48.56868	32.90431	PPL	6593	Мурзинка,Нова Прага,Новая Прага,Петриківка,Петриківський зимівник
geonames:699804	Novopokrovka	45.16389	35.25374	PPL	1350	Новопокровка
geonames:699811	Nova Odesa	47.31268	31.76972	PPLA2	13547	Нова Адэса,Нова Одеса,Новая Одесса,Нови Одесса,Ног Одессæ,Федорівка
geonames:699816	Nova Nekrasivka	45.35534	28.69719	PPL	2051	Нова Некрасивка,Нова Некрасівка,Новая Некрасовка
geonames:699823	Nova Mayachka	46.59938	33.22429	PPL	6811	Велика Маячка,Нова Маячка,Новая Маячка
geonames:699839	Nova Kakhovka	46.75966	33.35591	PPLA2	44427	Нова Каховка,Новая Каховка
geonames:699843	Nova Ivanivka	45.91551	29.08101	PPL	2018	Іванова,Нова Іванівка,Новая Ивановка
geonames:699861	Nova Haleshchyna	49.17053	33.75609	PPL	2195	Нова Галещина,Новая Галещина
geonames:699862	Novoestoniya	45.49965	34.24332	PPL	1027	Новая Эстония,Новоестонія,Новоэстония
geonames:699865	Nova Dofinivka	46.58	30.90601	PPL	1344	Нова Дофінівка,Новая Дофиновка
geonames:699866	Nova Dmytrivka	49.69102	32.00959	PPLA3	2305	Нова Дмитрівка
geonames:699872	Nova Dacha	48.5575	36.2157	PPL	1319	Нова Дача,Новая Дача
geonames:699875	Novi Chervyshcha	51.58769	25.39801	PPL	1243	Нові Червища
geonames:699882	Nova Borova	50.69106	28.63189	PPLA3	5494	Нава Барава,Нова Борова,Новая Боровая,Нови Борови
geonames:699887	Nova Basan	50.56777	31.51122	PPLA3	2869	Nоvа Bаsаn,Нава Басань,Нов.Басань,Нова Басань,Новая Басань
geonames:699888	Huziyivka	49.12788	38.60517	PPL	2052	Гузиевка,Гузіївка,Нова Астрахань
geonames:699895	Myrne	46.71826	35.26426	PPL	2859	Ленінське,Мирне
geonames:699899	Nova Ushytsya	48.83699	27.27112	PPL	4075	Нова Ушиця,Новая Ушица
geonames:699901	Lashkivka	48.41667	25.78333	PPL	1643	Лашковка,Лашківка
geonames:699908	Novaky	50.06798	32.91674	PPL	1068	Новаки
geonames:699917	Nosivka	50.93799	31.58031	PPLA3	12908	Носовка,Носівка
geonames:699933	Nyzy	50.78281	34.78441	PPL	2819	Низи,Низы,Нызы
geonames:699942	Nizhyn	51.04772	31.88844	PPLA2	66983	Нежин,Нежын,Нижин,Ніжин,Нїжин
geonames:699945	Nyzhnia Viznytsia	48.51611	22.76214	PPL	1453	Кленовец,Нижня Визниця,Нижняя Визниця
geonames:699946	Nyzhnya Syrovatka	50.77463	34.82923	PPL	3477	Ниж.Сыроватка,Нижня Сироватка
geonames:699956	Nyzhnya Krynka	48.11376	38.15962	PPL	14253	Нижня Кринка,Нижняя Кринка,Нижняя Крынка
geonames:699963	Nyzhnia Duvanka	49.58558	38.17233	PPLA3	2353	Нижня Дуванка,Нижняя Дуванка
geonames:699968	Nyzhnii Verbizh	48.50679	25.00146	PPLA3	2751	Нижній Вербіж
geonames:699972	Nyzhnii Studenyi	48.70116	23.36437	PPL	1124	Нижній Студений
geonames:699982	Nyzhni Vorota	48.77103	23.09775	PPLA3	2240	Нижни Ворота,Нижні Ворота
geonames:699985	Nyzhni Stanivtsi	48.32055	25.56948	PPL	1990	Нижние Становцы,Нижні Станівці
geonames:699986	Nyzhni Sirohozy	46.84585	34.37489	PPL	4700	Нижни Сиргози,Нижние Серогозы,Нижні Сірогози,Ныжні Сірагозы
geonames:700002	Nyzhnye Selyshche	48.19911	23.44757	PPL	3044	Нижнее Селище,Нижнє Селище
geonames:700008	Nyzhnye	48.77589	38.62198	PPL	2346	Нижнее,Нижнє
geonames:700009	Knyazhdvir	48.55924	24.92406	PPL	1875	Княждвир,Княждвір,Нижнє
geonames:700019	Nizhnegorskiy	45.44789	34.73839	PPLA2	8741	Нижнегорский,Нижньогірський,Сеитлер
geonames:700023	Nyzhnii Bystryi	48.3603	23.52934	PPL	1195	Нижній Бистрий
geonames:700033	Nyzhankovychi	49.6797	22.8117	PPL	1725	Нижанковичи,Нижанковичі
geonames:700051	Nikopol	47.56826	34.39126	PPLA2	105160	Микитин Ріг,Микитинська Січ,Микопіль,Никополь,Никопіль,Нікополь,Нікопіль,Слов'янськ
geonames:700059	Mykilske	48.96655	33.05003	PPL	1012	Микільське,Никольское
geonames:700092	Mykolayivka-Novorosiyska	46.13444	29.90417	PPL	1218	Миколаївка-Новоросійська,Николаевка-Новороссийская
geonames:700119	Mykolaivka	48.86193	37.76835	PPLA3	14210	Миколаїв,Миколаївка,Николаевка
geonames:700130	Mykolaivka	48.59042	39.52212	PPL	2135	Миколаевка,Миколаївка
geonames:700146	Kryve Ozero Druhe	47.93038	30.34883	PPL	2766	Криве Озеро Друге,Кривое Озеро Второе
geonames:700152	Mykolaivka	47.75293	32.84704	PPL	1264	Миколаївка,Николаевка
geonames:700159	Mykolayivka	47.53898	30.76007	PPL	3629	Миколаївка,Николаевка
geonames:700160	Mykolayivka	47.53673	30.24611	PPL	1423	Миколаевка,Миколаївка
geonames:700174	Mykolayivka	46.37305	29.40531	PPL	1678	Миколаївка,Николаевка
geonames:700175	Mykolaivka	46.30549	30.33226	PPL	1448	Миколаевка,Миколаївка
geonames:700178	Mykolayivka	45.90706	30.22221	PPL	1516	Балабанівка,Миколаївка,Николаевка
geonames:700180	Nikolayevka	44.96213	33.61061	PPLA3	2817	Миколаївка,Николаевка
geonames:700250	Nevytske	48.67472	22.38813	PPL	1032	Невицкое,Невицьке
geonames:700261	Netishyn	50.32863	26.64872	PPL	36492	Атомодар,Корчагінськ,Нетешин,Нетишин,Нетішин,Островськ
geonames:700265	Nesvoya	48.33688	26.57635	PPL	1330	Несвоя
geonames:700271	Nestoita	47.76793	29.3511	PPL	1698	Нестоита,Нестоїта
geonames:700273	Nestervarka	48.68756	28.86321	PPL	2479	Нестерварка,Нестеровці
geonames:700287	Koshulyany	48.24767	26.55766	PPL	1141	Кошуляни,Кошуляны
geonames:700289	Nerushay	45.6644	29.515	PPL	1993	Нерушай
geonames:700292	Nerubayske	46.54445	30.62921	PPL	8558	Нерубайское,Нерубайське
geonames:700295	Neresnytsia	48.12123	23.77439	PPLA3	3617	Нересниця
geonames:700301	Nepolokivtsi	48.38809	25.6353	PPL	2471	Неполоковцы,Неполоківці
geonames:700321	Nemyriv	50.10463	23.43609	PPL	1962	Немиров,Немирів
geonames:700322	Nemyriv	48.97002	28.83781	PPLA3	11662	Немиров,Немирів
geonames:700335	Nemishayeve	50.55939	30.08665	PPL	6178	Немешаево,Немішаєве
geonames:700340	Nelypivtsi	48.4183	26.92207	PPL	2171	Нелиповцы,Нелипівці
geonames:700341	Nelipyno	48.55951	23.0308	PPLA3	3403	Нелепино,Неліпино
geonames:700347	Yuzvyn	49.203	28.22068	PPL	1200	Некрасове,Юзвин
geonames:700349	Nekrasovka	45.44085	34.98584	PPLA3	1044	Кулчора[,Некрасовка
geonames:700353	Nekhvoroshcha	49.15085	34.72263	PPLA3	2538	Алексополь,Нехвороща
geonames:700355	Nekhaiky	49.99878	31.94513	PPL	1051	Нехайки
geonames:700361	Nehrovets	48.4541	23.64925	PPL	2700	Негровець
geonames:700371	Nedryhailiv	50.83587	33.87848	PPLA3	5323	Недригайлов,Недригайлів
geonames:700372	Nedra	50.36114	31.51248	PPL	1317	Недра
geonames:700373	Nedoharky	49.16998	33.26424	PPL	1738	Nеdоhаrky,Недогарки
geonames:700375	Nedoboyvtsi	48.43181	26.36724	PPL	2789	Недобоевцы,Недобоївці
geonames:700390	Nechayane	46.94416	31.55113	PPL	1874	Нечаяне,Нечаянное
geonames:700391	Nebyliv	48.8151	24.21924	PPL	3282	Небилів
geonames:700407	Naydenovka	45.27088	34.44898	PPLA3	1310	Найдьонівка,Найдёновка,Табулды
geonames:700410	Navariia	49.74952	23.92746	PPL	1493	Навария,Наварія
geonames:700425	Natalivka	47.83632	35.34263	PPL	1041	Наталівка
geonames:700429	Natalyne	49.34698	35.47707	PPLA3	3552	Наталине
geonames:700432	Nasypne	45.05285	35.29415	PPL	1581	Насипне,Насыпкой,Насыпное
geonames:700446	Narodychi	51.20304	29.08341	PPLA3	2907	Народичи,Народичі,Народычы
geonames:700489	Nahirne	45.42998	28.44852	PPL	2611	Караагач,Карагач,Нагорное,Нагірне
geonames:700493	Naholno-Tarasivka	48.00134	39.47696	PPL	2049	Нагольно-Тарасовка,Нагольно-Тарасівка
geonames:700507	Nadvirna	48.63659	24.5714	PPLA2	22504	Надвирна,Надворная,Надвірна
geonames:700509	Nadrichne	46.3703	29.10606	PPL	1493	Надречное,Надрічне
geonames:700512	Nadlymanske	46.37404	30.33329	PPL	1806	Гараголь,Надлиманское,Надлиманське,Надлыманскэ,Францфельд
geonames:700513	Nadlak	48.73221	31.13046	PPLA3	1329	Надлак
geonames:700536	Naddnipryanske	46.73591	32.7053	PPL	1088	Надднепрянское,Наддніпрянське
geonames:700551	Shcholkine	45.42985	35.8225	PPLA3	10593	Акташ,Щолкіне,Щёлкино
geonames:700566	Mylove	47.06562	33.62979	PPLA3	1071	Милове
geonames:700568	Mykolayiv	49.5255	23.9779	PPLA3	14498	Миколаїв,Николаев
geonames:700569	Mykolayiv	46.97625	31.99296	PPLA	470011	Верноленинск,Миколаїв,Николаев
geonames:700580	Muzykivka	46.75118	32.56251	PPLA3	2672	Музиковка,Музиківка
geonames:700581	Muzhiievo	48.17856	22.70229	PPL	2086	Мужиево,Мужієво
geonames:700584	Muzhyliv	49.3068	25.09994	PPL	1504	Мужилов,Мужилів
geonames:700590	Muskatnoye	45.46586	34.54316	PPL	1333	Адаргин Немецкий,Мускатне,Мускатное
geonames:700606	Murovani Kurylivtsi	48.71813	27.53084	PPL	5859	Мурованые Куриловцы,Муровані Курилівці
geonames:700607	Murovane	49.52143	22.9367	PPL	4251	Муроване,Мурованое
geonames:700613	Muravlivka	45.56347	29.15678	PPL	1213	Муравльовка,Муравлівка
geonames:700627	Murafa	50.04675	35.32917	PPL	2903	Мурафа
geonames:700646	Mukachevo	48.44248	22.718	PPLA2	85569	Мукачеве,Мукачево
geonames:700671	Motyzhyn	50.38776	29.92359	PPL	1011	Мотижин
geonames:700696	Mostyska	49.79467	23.15077	PPL	16945	Мостиска,Мостиська
geonames:700700	Mospyne	47.89012	38.06381	PPL	10471	Моспине,Моспино
geonames:700707	Kulykivske	48.10927	38.54268	PPL	1025	Куликівське,Московське
geonames:700726	Moskalenky	49.44885	32.51292	PPL	1212	Москаленки
geonames:700728	Moshoryne	48.62258	32.72393	PPL	2045	Мошорине,Мошорино
geonames:700730	Moshny	49.52754	31.73708	PPL	4629	Мошни,Мошны
geonames:700747	Moshanets	48.47429	26.69337	PPL	1442	Мошанець
geonames:700750	Morske	44.82593	34.80314	PPL	2394	Капсихор,Морское,Морське
geonames:700753	Morshyn	49.15524	23.87061	PPLA3	5562	Моршин
geonames:700780	Molochne	46.74582	35.36935	PPL	1004	Молочне,Мордвинівка
geonames:700793	Monastyryska	49.09063	25.17149	PPL	5618	Монастириська,Монастыриска
geonames:700796	Monastyryshche	48.99494	29.80992	PPL	8647	Монастирище,Монастырище
geonames:700800	Monastyrets	48.2943	23.42694	PPL	1891	Монастирець
geonames:700823	Moloha	46.21653	30.23078	PPL	2046	Молога
geonames:700829	Otamanivka	48.34586	39.65233	PPLA3	22449	Молодогвардейск,Молодогвардейское,Молодогвардійськ,Отаманівка
geonames:700831	Molodiia	48.22287	26.02345	PPL	3851	Mоlоdіja,Маладзія,Молодия,Молодія
geonames:700834	Molodizhne	48.17537	32.65561	PPL	1172	Молодёжное,Молодіжне
geonames:700835	Molodyozhnoye	45.00354	34.05634	PPLA3	7597	Молодёжное,Молодіжне
geonames:700844	Molochne	45.1996	33.22233	PPLA3	2174	Молочне,Молочное,Тереклы-Конрат
geonames:700848	Molochansk	47.20405	35.59789	PPL	6099	Гальбштадт,Молочанск,Молочанськ
geonames:700849	Molnytsya	48.1981	26.22843	PPL	1318	Молница,Молниця
geonames:700918	Mohyliv-Podilskyy	48.44278	27.79975	PPLA2	30589	Могилёв-Подольский,Могилів-Подільський,Могиљив-Подиљски
geonames:700925	Mohyliv	48.86655	34.48693	PPLA3	4097	Могилев,Могилів
geonames:700964	Mlyniv	50.51026	25.61719	PPLA3	8228	Млинов,Млинів,Млыніў
geonames:700967	Mliiv	49.33691	31.51704	PPL	4158	Імліїв,Городище-Млеев,Мгліїв,Млиев,Мліїв
geonames:700974	Mizoch	50.39956	26.14171	PPLA3	3365	Мизоч,Мізач,Мізоч
geonames:700977	Miusynsk	48.0775	38.90364	PPL	4603	Миусинск,Міусинськ
geonames:700978	Mityayevo	45.23423	33.7015	PPLA3	2085	Митяево,Митяєве,Новый Карагурт
geonames:700984	Mitrofanovka	45.45114	34.67883	PPLA3	1226	Митрофановка,Митрофанівка,Соллар
geonames:701000	Myshuryn Rih	48.82689	33.95112	PPL	1945	Мишурин Рог,Мишурин Ріг
geonames:701009	Myrove	47.77272	34.73042	PPLA3	1028	Мирове,Мировое
geonames:701010	Myrivka	49.92974	30.62215	PPL	1335	Мировка,Мирівка
geonames:701020	Myropillia	51.0244	35.24517	PPLA3	2873	Мирополье,Миропілля
geonames:701031	Myronivka	49.66007	30.98225	PPL	11103	Мироновка,Миронівка
geonames:701057	Myrnyi	45.30788	33.03501	PPL	4209	Мирний,Мирный
geonames:701062	Myrne	47.42623	37.73436	PPLA3	1631	Мирне,Мирное
geonames:701063	Myrne	46.4681	30.37136	PPL	2443	Миколаївка,Мирне,Мирное,Фрейденталь
geonames:701064	Myrne	46.25004	33.46561	PPL	1880	Мирне,Мирное
geonames:701067	Myrnopillia	46.0584	29.39282	PPL	2043	Мирнополе,Мирнопілля
geonames:701075	Myrhorod	49.96464	33.60861	PPLA2	39575	Миргород
geonames:701083	Mynkivtsi	48.85358	27.10879	PPL	1479	Минковци,Минківці
geonames:701091	Mynai	48.5888	22.27502	PPL	2973	Минай
geonames:701104	Milove	49.37615	40.13647	PPLA3	5418	Меловое,Мілове
geonames:701108	Myloradove	49.82238	34.75309	PPL	1059	Милорадове,Милорадово
geonames:701113	Miliyeve	48.32731	25.28925	PPL	2071	Милиево,Мілієве
geonames:701119	Mykulyntsi	49.39187	25.60685	PPL	3604	Микулинцы,Микулинці,Мыкулынці
geonames:701122	Mykulychyn	48.409	24.609	PPL	5221	Микуличин
geonames:701179	Mykhailivka	49.29895	34.86465	PPLA3	1264	Михайловка,Михайлівка
geonames:701205	Mykhailivka	48.4976	38.90043	PPL	2350	Михайловка,Михайлівка
geonames:701233	Mykhaylivka	47.26863	35.22207	PPL	11949	Михайловка,Михайлівка
geonames:701239	Mykhailivka	46.28108	32.65337	PPL	2152	Михайловка,Михайлівка
geonames:701241	Mykhaylivka	45.94961	29.69661	PPL	2577	Михайловка,Михайлівка
geonames:701242	Mikhaylovka	45.52838	34.64058	PPLA3	2241	Карамин,Михайловка,Михайлівка
geonames:701243	Mykhaylivka	45.11325	33.61071	PPL	3325	Михайловка,Михайлівка
geonames:701247	Mykhaylo-Laryne	47.10757	32.20426	PPL	1918	Михайло-Ларине,Михайло-Ларино
geonames:701248	Mykhailo-Kotsiubynske	51.4512	31.07822	PPLA3	2797	Михайло-Коцюбинське
geonames:701262	Mikhalkove	48.56672	27.29662	PPL	2139	Михалкове,Михалково
geonames:701273	Mykhalcha	48.24848	25.85207	PPL	1490	Myh’аltsа,Михальча,Мыхальча
geonames:701274	Myhove	48.15612	25.37574	PPL	3693	Myhоvе,Мигове,Мигово,Мыгавэ
geonames:701275	Petrashivka	48.1	26.1	PPL	2008	Петрашовка,Петрашівка
geonames:701276	Myhiia	48.03496	30.95376	PPLA3	2099	Мигея,Мигия,Мигія
geonames:701286	Mezhvodnoye	45.58751	32.84501	PPLA3	2087	Межводное,Міжводне,Ярылгач
geonames:701291	Velyki Mezhyrichi	50.65443	26.86576	PPLA3	2192	Vеlykі Mеzyrіtsі,Великие Межиричи,Великі Межирічі,Вэлыкі Мэжырычы
geonames:701292	Mezhyrich	50.69972	34.48694	PPL	1794	Межирич,Межиріч
geonames:701294	Chudei	48.05095	25.62212	PPLA3	5265	Чудей
geonames:701299	Mizhhirya	48.52435	23.50091	PPL	9567	Межгорье,Міжгір’я
geonames:701305	Mezhova	48.25418	36.73178	PPLA3	7022	Межава,Межевая,Межеви,Межова
geonames:701306	Mezhyrich	50.3059	26.48456	PPL	1490	Межирич,Межиріч
geonames:701307	Mezhyrich	48.5622	35.76978	PPLA3	4174	Межирич,Межиріч
geonames:701313	Mezenivka	50.63486	35.3134	PPL	1273	Мезеновка,Мезенівка
geonames:701327	Mishkovo-Pohorilove	46.9946	32.1099	PPLA3	5484	Мішково-Погорілове
geonames:701334	Mervychi	50.00016	24.02015	PPL	1187	Мервичи,Мервичі
geonames:701347	Merefa	49.82107	36.0567	PPLA3	21202	Мерефа
geonames:701351	Prymiske	47.60694	34.34215	PPL	1848	Менжинское,Менжинське,Приміське
geonames:701352	Minyaylivka	46.37824	29.52021	PPL	1645	Меняйловка,Міняйлівка
geonames:701355	Zhuravlyovka	45.1768	33.9968	PPLA3	1368	Журавлёвка,Журавлівка,Минлерчик
geonames:701360	Oleksiyvka	48.41	27.26302	PPL	1142	Алексеевка,Олексіївка
geonames:701370	Menchykury	47.07313	34.80342	PPL	1527	Менчикури
geonames:701372	Mena	51.52205	32.21364	PPLA3	10935	Мена
geonames:701380	Miluvatka	49.33989	38.16781	PPL	2818	Меловатка,Мілуватка
geonames:701383	Melnytsya-Podilska	48.60816	26.16657	PPL	3716	Мельница-Подольская,Мельниця-Подільська
geonames:701394	Melnyky	49.5475	32.24311	PPL	1515	Мельники
geonames:701404	Melitopol	46.84735	35.38196	PPLA2	148851	Киз-Яр,Мелитополь,Мелитопіль,Мелітополь,Мелітопіль,Новоолександрівка
geonames:701405	Melioratyvne	48.62047	35.40248	PPL	4116	Мелиоративное,Меліоративне
geonames:701413	Melekyne	46.95648	37.3933	PPL	1356	Mеlеkіnе,Мелекине,Мелекино,Мелекіне
geonames:701425	Medzhybizh	49.43658	27.40907	PPL	1339	Меджибож,Меджибіж
geonames:701450	Medvedevo	45.38597	33.004	PPLA3	1707	Медведеве,Медведево,Табулды-Асс
geonames:701453	Medvedevka	45.88389	34.55562	PPLA3	1270	Ауз-Кирк,Медведевка,Медведівка
geonames:701466	Medenychi	49.42692	23.74962	PPLA3	3292	Меденица,Меденичи,Меденичі,Мэдэнычи,Мэдэнічы
geonames:701487	Mazanka	45.0055	34.25581	PPLA3	2564	Мазанка
geonames:701491	Mayskoye	45.59555	34.55213	PPLA3	2016	Майское,Майське,Майфельд,Хаклай
geonames:701533	Maydanetske	48.81671	30.70317	PPL	2069	Mаidаnеtskе,Майданецкое,Майданецьке
geonames:701554	Maidan	48.60102	23.47296	PPL	1789	Майдан
geonames:701559	Maiaky	48.94685	37.6204	PPL	1286	Маяки
geonames:701561	Mayaky	46.41253	30.26717	PPL	5937	Маяки,Маякі
geonames:701563	Maiak	47.96535	38.02917	PPL	1180	Маяк
geonames:701588	Matviivka	47.07392	35.14493	PPL	3716	Матвіївка,Матрвіївка
geonames:701605	Matroska	45.34205	28.78106	PPL	2259	Матроска,Матросская,Матроська
geonames:701619	Masandra	44.51518	34.18443	PPL	7280	Масандра,Массандра
geonames:701637	Mashivka	49.44407	34.87157	PPLA2	3721	Машовка,Машівка
geonames:701643	Masany	51.53316	31.2313	PPL	30000	Масани
geonames:701690	Maryanivka	50.45263	24.80071	PPLA3	2807	Мар'янаўка,Маряновка,Мар’янівка
geonames:701722	Maryanivka	47.44371	30.15011	PPL	1301	Мар'янівка,Маряновка
geonames:701756	Martonosha	48.76253	31.78973	PPL	1554	Мартоноша
geonames:701768	Marshyntsi	48.21191	26.29934	PPL	5353	Маршинцы,Маршинці
geonames:701779	Markivtsi	50.73298	31.25101	PPL	1504	Марковцы,Марківці
geonames:701792	Markivka	49.52503	39.56999	PPLA3	7087	Марковка,Марківка,Маркіўка
geonames:701802	Markova	48.68392	24.42583	PPL	2896	Маркова
geonames:701822	Mariupol	47.09514	37.54131	PPLA2	230000	Жданов,Мариупол,Мариуполь,Маријупољ,Марыупаль,Маріуполь,Марїоуполь
geonames:701832	Marynivka	47.77597	30.88745	PPL	2450	Мариновка,Маринівка
geonames:701838	Mariyampil	49.03727	24.85528	PPL	1015	Маринопіль,Маріямпіль
geonames:701845	Mar'yinka	47.94527	37.50544	PPL	9089	Марьинка,Мар’інка,Мар’їнка
geonames:701855	Marhanets	47.63088	34.6245	PPL	44980	Марганец,Марганець
geonames:701862	Mar’yanovka	45.44627	34.29474	PPLA3	2494	Mar'yanovka,Маре,Марьяновка,Мар’янівка
geonames:701864	Mardarivka	47.53625	29.73708	PPL	1241	Мардаровка,Мардарівка
geonames:701870	Marazliyivka	46.09596	30.04941	PPL	1397	Маразлиевка,Маразліївка,Маряновка
geonames:701877	Maniava	48.65485	24.37096	PPL	3333	Mаnjavа,Манява
geonames:701894	Mankivka	48.96391	30.33626	PPL	7634	Маньковка,Маньківка,Манькіўка
geonames:701906	Manevychi	51.29385	25.53063	PPLA3	11775	Маневичи,Маневичі
geonames:701912	Manchenky	49.97982	35.85835	PPL	1147	Манченки,Манчэнкы
geonames:701927	Mamalyha	48.25701	26.58153	PPLA3	2589	Мамалига,Мамалыга
geonames:701939	Rativtsi	48.51667	22.26667	PPL	1325	Ративци,Ратівці
geonames:701940	Malyi Rakovets	48.26173	23.2076	PPL	3127	Малий Раковець
geonames:701947	Malyi Mayak	44.61356	34.36469	PPL	2298	Биюк-Ламбат,Малий Маяк,Малый Маяк
geonames:701951	Malyy Kuchuriv	48.46485	25.90726	PPL	1280	Малий Кучурів,Малый Кучуров
geonames:701955	Malyi Kobeliachok	49.34443	34.21841	PPL	1054	Малий Кобелячок
geonames:701990	Mali Kopani	46.43594	32.72485	PPL	2159	Мали Копани,Малі Копані
geonames:702018	Malyy Bereznyy	48.85952	22.44473	PPL	1597	Малий Березний
geonames:702035	Malyatyntsi	48.51199	25.64606	PPL	1214	Малятинцы,Малятинці
geonames:702055	Malotaranivka	48.66165	37.51025	PPL	3498	Малотарановка,Малотаранівка
geonames:702061	Malorichenske	44.75888	34.55789	PPL	1313	Малореченское,Малоріченське
geonames:702066	Malomykolayivka	48.3098	39.02709	PPL	1642	Маломиколаївка,Малониколаевка
geonames:702067	Malomykhaylivka	48.08694	36.41435	PPL	3036	Маломихайловка,Маломихайлівка
geonames:702072	Malokaterynivka	47.6557	35.25733	PPL	3320	Краснокутівка,Малокатериновка,Малокатеринівка
geonames:702073	Malokakhovka	46.78292	33.44662	PPL	2862	Малокаховка
geonames:702078	Malodolynske	46.35638	30.63108	PPL	3177	Малодолинське
geonames:702090	Malyntsi	48.42686	26.22601	PPL	2240	Малинцы,Малинці
geonames:702094	Novoorzhytske	50.02617	32.72543	PPL	1780	Новооржицкое,Новооржицьке
geonames:702098	Malynivka	49.79902	36.71977	PPLA3	7725	Малинове,Малиновка,Малинівка,Малыніўка
geonames:702115	Malynivka	48.31667	26.33333	PPL	1527	Малиновка,Малинівка
geonames:702116	Malyn	50.76756	29.24225	PPLA3	25172	Малин
geonames:702125	Maliyivka	47.48547	32.73167	PPL	1032	Малиевка,Маліївка
geonames:702132	Malekhiv	49.88333	24.06667	PPL	2336	Малехов,Малехів
geonames:702147	Mala Vyska	48.64694	31.63231	PPLA2	10382	Кудашеве,Мала Виска,Малая Виска
geonames:702149	Stantsiyne	47.68615	32.57261	PPL	1532	Станционное,Станційне
geonames:702153	Mala Tokmachka	47.5344	35.90066	PPLA3	2912	Mаlа Tоkmаtskа,Мала Такмачка,Мала Токмачка,Малая Токмачка
geonames:702187	Mala Pereshchepyna	49.38809	34.58013	PPL	2225	Мала Перещепина
geonames:702214	Mala Kopania	48.16807	23.09372	PPL	1259	Мала Копаня
geonames:702220	Mala Kardashynka	46.50442	32.58706	PPL	1049	Мала Кардашинка,Малая Кардашинка
geonames:702225	Mala Hlusha	51.79455	24.98659	PPL	1547	Мала Глуша
geonames:702228	Usatove	46.51553	30.60905	PPL	1210	Усатове,Усатово
geonames:702229	Mala Dobron	48.43792	22.3574	PPL	1872	Mаlа Dоbrоn,Мала Добрань,Мала Добронь,Малая Добронь
geonames:702231	Mala Danylivka	50.06198	36.16787	PPLA3	7211	Мал.Даниловка,Мала Данилівка,Мала Даныліўка,Малая Даниловка
geonames:702238	Mala Burimka	49.64872	32.5977	PPL	2239	Мал.Буромка,Мала Бурімка
geonames:702246	Mala Bilozerka	47.24419	34.93073	PPLA3	5717	Мала Білозерка
geonames:702248	Yantarne	45.43473	34.22134	PPLA3	2368	Ташлы-Даир,Янтарне,Янтарное
geonames:702271	Maksymivka	49.18497	33.17382	PPL	2052	Максимовка,Максимівка
geonames:702278	Buhas	47.6375	37.56108	PPL	1446	Бугас
geonames:702302	Makiv	48.7946	26.68143	PPLA3	5602	Маков,Маків
geonames:702320	Makiyivka	48.04782	37.92576	PPLA2	338968	Макеевка,Макіївка
geonames:702329	Makarovo	48.32911	22.79905	PPL	1756	Макарове,Макарьово
geonames:702337	Makariv	50.45735	29.81455	PPLA3	9589	Макарів
geonames:702347	Bayraky	48.11517	26.13016	PPL	1868	Байраки
geonames:702356	Mahdalynivka	48.91204	34.91395	PPL	6119	Магдалиновка,Магдалинівка
geonames:702360	Magazinka	45.86312	34.04969	PPLA3	1168	Магазинка
geonames:702365	Mahala	48.29408	26.04252	PPLA3	8876	Магала
geonames:702369	Machukhy	49.52077	34.43094	PPLA3	3337	Мачехи,Мачухи
geonames:702379	Liutizh	50.6835	30.39324	PPL	2282	Лютеж,Лютіж
geonames:702380	Liutenski Budyshcha	50.18471	34.2371	PPL	1562	Лютенські Будища,Лютеньские Будища
geonames:702381	Liutenka	50.21138	34.03027	PPLA3	3437	Лютенька
geonames:702385	Liuta	48.89922	22.77352	PPL	2031	Люта
geonames:702408	Liubiaz	51.84254	25.47232	PPL	1061	Люб’язь
geonames:702417	Liubotyn	49.94691	35.92907	PPL	20001	Люботин
geonames:702421	Liuboml	51.22536	24.03225	PPLA3	10295	Любомль
geonames:702433	Liubomyrka	47.76337	29.48492	PPL	1181	Любомирка
geonames:702435	Lyubokhyny	51.47878	24.20743	PPL	2036	Любохини
geonames:702459	Lyubymivka	46.81048	33.56845	PPL	5611	Любимовка,Любимівка
geonames:702469	Liubeshiv	51.76505	25.51317	PPLA3	5702	Любешов,Любешів
geonames:702477	Liubech	51.70219	30.66018	PPLA3	1890	Любеч
geonames:702486	Liubar	49.92322	27.75108	PPLA3	2351	Любар
geonames:702491	Lysyanka	49.25045	30.82782	PPLA2	7737	Лисянка,Лысянка
geonames:702495	Lysovychi	49.12302	23.88892	PPL	1170	Лисовичі,Лысовичи
geonames:702507	Lysa Hora	48.17059	31.10994	PPL	4502	Лиса Гора,Лысая Гора
geonames:702509	Larzhanka	45.35492	28.71472	PPL	2386	Ларжанка
geonames:702526	Lyashchivka	49.54425	32.67779	PPL	1281	Лящовка,Лящівка
geonames:702545	Lvove	46.7939	33.15471	PPL	2565	Львове,Львово
geonames:702550	Lviv	49.83826	24.02324	PPLA	717273	Лавов,Лвов,Львив,Львов,Львов ош,Львоў,Львів
geonames:702557	Luzhany	48.35923	25.78292	PPL	4837	Лужани,Лужаны
geonames:702563	Lutuhyne	48.40433	39.21302	PPLA3	17061	Лутугине,Лутугино
geonames:702569	Lutsk	50.75784	25.35024	PPLA	215986	Луцк,Луцьк
geonames:702574	Lutovynivka	49.2366	33.90112	PPL	2000	Lutоvynіvkа,Лутовиновка,Лутовинівка
geonames:702589	Azovs'ke	46.80373	36.67938	PPL	2473	Азовское,Азовське,Куца Бердянка,Луначарское,Луначарське
geonames:702606	Lukavtsi	48.20224	25.41234	PPL	2608	Лукавцы,Лукавці
geonames:702608	Lukovytsya	48.20249	26.07742	PPL	1412	Луковица,Луковиця
geonames:702611	Lukiv	51.22989	24.34053	PPLA3	3147	Луков,Луків,Матіїв,Мацеїв,Маціов
geonames:702612	Lukiv	51.0521	25.40059	PPL	3043	Луків
geonames:702639	Lukanivka	47.91344	30.4656	PPL	1131	Лукановка,Луканівка
geonames:702642	Luka-Meleshkivska	49.17554	28.49469	PPLA3	3597	Лука-Мелешкивская,Лука-Мелешківська
geonames:702648	Luka	50.46026	33.28882	PPL	1023	Лука
geonames:702658	Luhansk	48.56814	39.30553	PPLA	397677	Ворошиловград,Луганск,Луганскай,Луганськ,Луганьск,Луханск,Луһанск
geonames:702679	Luhyny	51.07899	28.39876	PPLA3	4561	Лугини
geonames:702683	Luhy	48.06379	24.44091	PPL	1008	Луги
geonames:702684	Luhanske	48.4447	38.25519	PPL	2604	Луганскае,Лугански,Луганское,Луганське
geonames:702705	Luchyste	44.73646	34.40063	PPL	1180	Демерджи,Лучисте,Лучистое
geonames:702716	Lubyanka	50.65406	30.17013	PPL	1812	Lubjankа,Лубянка,Луб’янка
geonames:702723	Lubny	50.01413	32.99975	PPLA2	44595	Лубни,Лубны
geonames:702728	Lozianskyi	48.54843	23.46668	PPL	1592	Лозянский,Лозянський
geonames:702734	Lozivskyi	48.56241	38.88197	PPL	4822	Лозивский,Лозівський
geonames:702737	Lozove	49.29376	27.30208	PPL	1548	Лозове,Лозовое
geonames:702741	Lozove	44.90109	34.15993	PPL	1889	Лозове
geonames:702760	Lozova	48.89066	36.31412	PPLA2	54026	Лозова,Лозовая
geonames:702770	Lozuvatka	48.46609	33.88399	PPL	1142	Лозоватка,Лозуватка
geonames:702774	Lozuvatka	48.06014	33.28138	PPLA3	6412	Лозоватка,Лозуватка
geonames:702782	Lozno-Oleksandrivka	49.83976	38.74114	PPLA3	1149	Лозно-Александровка,Лозно-Олександрівка
geonames:702798	Lotskyne	47.20529	32.39137	PPL	1629	Лоцкине,Лоцкино
geonames:702801	Ivanivske	48.52926	38.91826	PPL	3096	Іванівське,Лотикове,Лотиково
geonames:702809	Losynivka	50.84436	31.91776	PPLA3	3583	Лосиновка,Лосинівка
geonames:702814	Loshchynivka	45.4745	28.82093	PPL	1350	Кайраклия,Лощиновка,Лощинівка
geonames:702834	Lopukhiv	48.36988	23.97141	PPL	3199	Лопухів
geonames:702844	Lopatyn	50.21959	24.84705	PPLA3	3418	Лопатин
geonames:702862	Lomachyntsi	48.58434	27.3801	PPL	2217	Ломачинці
geonames:702874	Lokhvytsya	50.36444	33.27153	PPL	11014	Лохвица,Лохвиця
geonames:702875	Lokhovo	48.50515	22.67555	PPL	1186	Лохове,Лохово
geonames:702878	Lokachi	50.73898	24.64872	PPLA3	3746	Локачи,Локачы,Локачі
geonames:702892	Lobanovo	45.77552	34.24236	PPLA3	1402	Богемка,Джадра,Лобанове,Лобаново
geonames:702898	Lyubashivka	47.83387	30.25209	PPL	9055	Любашёвка,Любашівка
geonames:702907	Livadiya	44.47021	34.14272	PPL	1074	Ливадия,Лівадія
geonames:702921	Lytvynenkove	45.08678	34.31097	PPL	1439	Литвиненкове
geonames:702923	Lytovezh	50.64287	24.18707	PPLA3	1507	Литовеж
geonames:702931	Lityn	49.32711	28.08698	PPLA3	6652	Литин,Літин
geonames:702970	Lysyche	47.7315	38.59499	PPL	1434	Лисиче,Лисичье
geonames:702971	Lysychovo	48.49518	23.28237	PPL	3068	Лисичово
geonames:702972	Lysychansk	48.91211	38.42088	PPLA3	93340	Лисичанск,Лисичанськ
geonames:702981	Lysets	48.86912	24.60898	PPL	2926	Лисец,Лисець
geonames:702989	Lyptsi	50.20919	36.42086	PPLA3	4182	Липцы,Липці
geonames:703013	Lypovets	49.22776	29.05669	PPLA3	8303	Липовец,Липовець
geonames:703015	Lypova Dolyna	50.56292	33.79154	PPLA3	5199	Липова Долина,Липовая Долина
geonames:703017	Lypnyazhka	48.4458	31.08074	PPL	4272	Липняжка
geonames:703031	Lypyny	50.76446	25.40756	PPL	4647	Липини
geonames:703037	Lypetske	47.73646	29.71521	PPL	3740	Липецьке
geonames:703039	Lypetska Poliana	48.33121	23.35853	PPL	2965	Липецька Поляна
geonames:703042	Lypcha	48.26194	23.38394	PPL	3640	Липча
geonames:703053	Limna	49.25545	22.83043	PPL	1216	Лимна,Лімна
geonames:703055	Lymany	46.73156	31.96848	PPL	2154	Лимани
geonames:703061	Lymanske	46.67952	29.97231	PPL	7119	Лиманское,Лиманське
geonames:703062	Lymans’ke	45.42951	28.41331	PPL	3302	Lymans'ke,Лиманске,Лиманское,Лиманське,Фрікацей
geonames:703071	Lyman	49.59358	36.46548	PPL	4008	Лиман
geonames:703076	Lyman	45.67332	29.74444	PPL	1641	Золокари,Лиман
geonames:703079	Lykhivka	48.67739	33.93197	PPL	1960	Лиховка,Лихівка
geonames:703120	Livyntsi	48.4085	26.61002	PPL	1452	Левинцы,Лівинці
geonames:703140	Litky	50.70897	30.74867	PPL	2149	Летки,Літки
geonames:703142	Letychiv	49.3801	27.61889	PPLA2	10335	Летичeв,Летичів
geonames:703149	Lisovi Hrynivtsi	49.48067	27.02126	PPLA3	2108	Лисови Гринивци,Лісові Гринівці
geonames:703156	Lisne	46.46771	29.34994	PPL	1318	Лесное,Лісне,Манзир
geonames:703160	Lisnyky	50.30445	30.52016	PPL	1513	Лисники,Лісники
geonames:703180	Lisky	45.46307	29.486	PPL	1931	Лески,Ліски
geonames:703198	Lepetykha	47.32739	33.05024	PPL	1190	Лепетиха
geonames:703217	Lenkivtsi	48.50738	26.75856	PPL	2158	Ленковцы,Ленківці
geonames:703224	Pivdenne	48.35645	37.92638	PPL	1404	Ленінське,Південне
geonames:703225	Valyanivske	48.07126	39.55333	PPL	3333	Вальянівське,Ленінське,Селище шахти № 9 імені Леніна
geonames:703227	Hrushivka	47.58371	34.01523	PPLA3	3998	Грушівка,Ленинское,Ленінське
geonames:703229	Leninskoye	45.26844	34.05023	PPLA3	1725	Кир-Байляр,Лениндорф,Ленинское,Ленінське
geonames:703230	Leninskoye	45.25373	35.91969	PPLA3	1671	Ленинское,Ленінське,Петровское
geonames:703261	Yedy-Kuyu	45.29857	35.77708	PPL	7426	Єди-Кую,Ленино,Леніна,Леніне,Семь Колодезей
geonames:703270	Mariia	48.42944	39.14556	PPL	1228	Леніна,Марія
geonames:703283	Leliukhivka	49.35215	34.2973	PPL	1407	Лелюховка,Лелюхівка
geonames:703302	Lebiazhe	49.8041	36.90321	PPL	1534	Лебяжье,Леб’яже
geonames:703311	Lebedyn	48.9628	31.52575	PPL	4402	Lеbеdyn,Лебедин
geonames:703317	Lazurne	46.0829	32.52559	PPL	3119	Лазурне,Лазурное,Лазурнэ,Новоолексіївка,Софіївка
geonames:703322	Lazirky	50.0853	32.64874	PPL	2098	Лазорки,Лазірки
geonames:703325	Lazy	48.05797	23.64864	PPL	3660	Лази
geonames:703328	Lazeshchyna	48.2744	24.41559	PPL	4008	Лазещина
geonames:703344	Lavochne	48.80986	23.34101	PPL	1198	Лавочне
geonames:703374	Laryne	47.88888	37.92811	PPL	2766	Ларине,Ларино
geonames:703394	Lantrativka	49.93955	38.26159	PPL	1268	Лантратовка,Лантратівка
geonames:703397	Lanivtsi	49.86103	26.09052	PPL	8434	Лановцы,Ланівці
geonames:703402	Lanna	49.35031	35.25858	PPLA3	1981	Ланна,Ланная
geonames:703410	Lanchyn	48.55173	24.74923	PPL	7855	Ланчин,Ланчын
geonames:703416	Lalovo	48.40283	22.81395	PPL	1047	Лалове,Лалово
geonames:703428	Ladyzhyn	48.68437	29.23636	PPLA3	22459	Ладижин,Ладыжин
geonames:703438	Ladan	50.51826	32.58417	PPLA3	6719	Ладан
geonames:703439	Labushne	48.02239	29.13654	PPL	1365	Лабушне,Лабушное
geonames:703448	Kyiv	50.45466	30.5238	PPLC	2952301	Кейу,Киев,Киев ош,Киевом,Киеву,Київ,Кијев,Кыив,Кыйив,Кіеў,Кꙑѥвъ
geonames:703455	Kvasy	48.15747	24.28115	PPL	1200	Кваси,Квасы
geonames:703460	Kvasyliv	50.5623	26.25943	PPL	8117	Квасилов,Квасилів,Квасыліў
geonames:703485	Kuzemyn	50.14438	34.65183	PPL	1954	Куземин
geonames:703492	Vyshneve	49.99702	32.63115	PPL	1346	Вишневе,Куйбишеве
geonames:703493	Maloianysol	47.38234	37.3282	PPL	1968	Куйбышево,Малоянисоль
geonames:703494	Bilmak	47.35914	36.65331	PPLA2	6802	Бильмак,Більмак,Каменка,Куйбишеве,Куйбышево,Царекостянтинівка
geonames:703498	Kuibyshevo	44.629	33.86895	PPLA3	2520	Албат,Куйбишеве,Куйбышево
geonames:703502	Kuyalnyk	47.7303	29.56181	PPL	1482	Куяльник
geonames:703514	Kuty	48.26249	25.17943	PPL	4025	Кути,Куты
geonames:703520	Kutsurub	46.65277	31.61825	PPLA3	2136	Куцуруб
geonames:703523	Kutsevolivka	48.87194	33.81889	PPL	1252	Куцеволовка,Куцеволівка
geonames:703531	Kutkivtsi	49.13248	26.37088	PPL	1392	Kutkіvtsі,Кутковцы,Кутківці
geonames:703537	Popova Balka	47.80903	38.29107	PPL	2076	Кутейникове,Попова Балка
geonames:703546	Kustolovo-Sukhodilka	49.3807	34.73336	PPL	1467	Кустолово-Суходилка,Кустолово-Суходілка
geonames:703555	Kushuhum	47.70963	35.21644	PPL	7886	Велика Катеринівка,Кушугум
geonames:703559	Kushnytsia	48.45272	23.26166	PPL	4508	Кушниця
geonames:703572	Kuriachi Lozy	48.08375	30.34807	PPL	1698	Курячьи Лозы,Курячі Лози
geonames:703610	Kurylivka	49.66002	37.70276	PPLA3	3620	Куриловка,Курилівка
geonames:703613	Kurylivka	48.57616	34.60538	PPL	2551	Куриловка,Курилівка
geonames:703652	Kupyansk-Vuzlovyi	49.67061	37.64319	PPL	8212	Купянск-Узловой,Купјанск-Вузлови,Куп’янськ-Вузловий
geonames:703656	Kupyansk	49.71003	37.61581	PPLA2	27169	Купенко,Купенск,Купенськ,Купецкій,Купецький,Купчинка,Купчінка,Купьянск,Купянск,Купянськ,Купјанск,Куп’янськ
geonames:703662	Kupka	48.04799	25.78175	PPL	2671	Купка
geonames:703690	Kumari	47.93591	30.66931	PPL	1186	Кумари,Кумарі
geonames:703706	Kulynychi	49.98178	36.38283	PPL	2981	Кулиничи,Кулиничі,Кулынычы
geonames:703713	Kulykivka	51.3729	31.64604	PPLA3	4928	Куликовка,Куликівка,Кулыкіўка
geonames:703716	Kulykiv	50.31424	24.81757	PPL	3763	Куликів
geonames:703725	Kulishivka	48.54972	27.20394	PPL	1080	Кулишовка,Кулішівка
geonames:703769	Tokarivka	47.30593	31.01522	PPL	2029	Токаревка,Токарівка
geonames:703789	Kuchurhan	46.72193	29.97757	PPL	3700	Kutsurhаn,Кучурган
geonames:703840	Kryzhopil	48.3821	28.86766	PPL	8754	Крижопіль,Крыжопиль,Крыжополь,Крыжопіль
geonames:703844	Kryzhanivka	46.56277	30.79496	PPL	3195	Kryzаnіvkа,Крижанoвка,Крижанівка,Крыжановка,Крыжаніўка
geonames:703845	Kryvyy Rih	47.90572	33.39404	PPLA2	603904	Криви Рог,Кривий Риҕ,Кривий Ріг,Кривой Рог,Кривой рог,Кривый Ріг,Крывы Рог
geonames:703847	Hrushivka	48.18022	25.96726	PPL	1187	Грушевка,Грушівка
geonames:703864	Krymske	48.7519	38.79153	PPL	1662	Кримське,Крымское
geonames:703867	Krymskoye	45.18836	33.80106	PPLA3	1822	Авель,Кримське,Крымское
geonames:703877	Krymka	47.93785	30.76483	PPL	1204	Кримка,Крымка
geonames:703880	Krymka	45.70453	34.18782	PPLA3	1510	Кримка,Крымка,Султан-Бочала
geonames:703903	Kruty	51.05974	32.10634	PPL	1330	Крути,Круты
geonames:703910	Krutoiarivka	46.35744	29.82075	PPL	1933	Крутояровка,Крутоярівка
geonames:703918	Krutky	49.56484	32.22018	PPL	1237	Крутьки
geonames:703922	Krutenky	48.37264	26.5479	PPL	1070	Крутеньки
geonames:703934	Krupske	49.4631	24.0314	PPL	1494	Крупское,Крупське
geonames:703937	Krupoderyntsi	49.91907	32.5031	PPL	1028	Круподеринцы,Круподеринці
geonames:703962	Kruhloozerka	46.13117	32.39269	PPL	1368	Круглоозерка
geonames:703965	Kruhlyk	48.3707	26.44878	PPL	1879	Круглик
geonames:703980	Krotoshyn	49.75	24.08333	PPL	1220	Кротошин
geonames:704000	Krolevets	51.55181	33.38044	PPLA3	24115	Кролевец,Кролевець
geonames:704005	Kryvushi	49.09306	33.34824	PPL	1100	Кривуши,Кривуші
geonames:704010	Kryve Ozero	47.94763	30.34701	PPL	7583	Криве Озеро,Кривое Озеро
geonames:704014	Krutyi Bereh	49.61959	34.59695	PPL	1510	Крутий Берег
geonames:704024	Kryvorizhzhya	48.44235	36.91363	PPLA3	1018	Криворіжжя
geonames:704028	Krivopol’ye	48.19516	24.69624	PPL	1000	Krivopol'ye,Кривополье,Кривопілля
geonames:704043	Kryva Ruda	49.51294	32.98388	PPL	1345	Крива Руда,Кривая_руда
geonames:704044	Krivaya Ruda	49.2	33.71667	PPL	1345	Кривая Руда
geonames:704049	Kryva Balka	46.9582	31.8103	PPL	1489	Крива Балка,Кривая Балка
geonames:704052	Kryva Balka	46.19085	29.89426	PPL	1574	Калииры,Каїри,Крива Балка,Кривая Балка
geonames:704055	Kryva	48.17234	23.23647	PPL	2911	Крива
geonames:704072	Krynychne	45.53755	28.66618	PPL	4348	Криничне,Криничное,Чишма Варуіта,Чушмелия
geonames:704074	Krynychna	48.12821	38.02593	PPL	4530	Кринична
geonames:704079	Krynychky	48.37438	34.46202	PPL	3970	Кринички,Крынычкы
geonames:704085	Krynychky	47.07241	31.73318	PPL	1045	Кринички
geonames:704099	Krychovo	48.19097	23.571	PPL	2723	Кричово
geonames:704106	Krest’yanovka	45.72268	33.93938	PPLA3	1450	Krest'yanovka,Крестьяновка,Крестянівка,Лариндорф
geonames:704109	Khrestivka	46.40117	33.71755	PPLA3	1694	H’rеstіvkа,Крестовка,Хрестівка
geonames:704111	Khrestyteleve	49.72579	32.51869	PPL	1217	Крестителево,Хрестителеве
geonames:704118	Kripenskyi	48.07709	39.058	PPL	7487	Крепенский,Кріпенський
geonames:704130	Tatariv	48.34135	24.57666	PPL	1508	Татаров,Татарів
geonames:704138	Kreminna	49.04811	38.21552	PPLA3	18116	Кременная,Кременной,Кремина,Кремінна
geonames:704139	Kremenivka	47.33387	37.4786	PPL	1092	Кременевка,Кременівка
geonames:704143	Kremenets	50.09864	25.72787	PPLA2	21063	Кременец,Кременець
geonames:704146	Kremenchuky	49.80725	26.9766	PPL	1233	Кременчуки
geonames:704147	Kremenchuk	49.06253	33.40484	PPLA2	224997	Керменчук,Кирмәнчек,Крамянчуг,Кременчуг,Кременчук,Кремінчук,Крэмэнчук
geonames:704201	Krasnyi Mak	44.64218	33.7813	PPLA3	1663	Биюк-Каралез,Красний Мак,Красный Мак
geonames:704202	Khrustalnyi	48.14241	38.92369	PPLA3	79533	Красний Луч,Красный луч,Хрустальний
geonames:704204	Lyman	48.99012	37.80843	PPLA3	20066	Красний Лиман,Красный Лиман,Лиман,Лыман
geonames:704207	Krasnyi Kut	48.20138	38.79765	PPL	2983	Красний Кут
geonames:704247	Serhiivka	50.40154	33.75423	PPLA3	2153	Краснознаменка,Сергіївка
geonames:704251	Krasnoznamenka	45.28676	34.00036	PPLA3	1201	Краснознаменка,Краснознам’янка
geonames:704277	Krasne	49.91401	24.61487	PPLA3	6250	Красне,Красное
geonames:704285	Ivanivs'ke	48.57218	37.91742	PPL	1732	Іванівське,Ивановское,Красное,Крещенське,Ступки,слобода Іванівка
geonames:704289	Krasne	46.82297	31.39593	PPL	1198	Красне,Красное
geonames:704290	Krasne	46.13153	32.7715	PPL	2898	Красне
geonames:704291	Krasne	46.11809	29.24581	PPL	1376	Красне,Красное
geonames:704303	Krasnotorka	48.68542	37.5303	PPL	3061	Красноторка
geonames:704335	Krasnosilka	46.62292	30.76974	PPLA3	5187	Гюльдендорф,Красносилка,Красносёлка,Красносілка
geonames:704337	Krasnorichenske	49.21909	38.20965	PPLA3	5381	Кабаннє,Кабанье,Красноріченське
geonames:704343	Krasnopillya	50.77389	35.25633	PPLA3	7849	Краснополье,Краснопілля
geonames:704352	Krasnopillya	46.86308	31.24903	PPL	1083	Блюменфельд,Краснополье,Краснопілля
geonames:704362	Yany Kapu	45.95547	33.79261	PPLA2	30700	Бромзавод,Красно-Перекопск,Красноперекопск,Красноперекопськ,Яни Капу,Янъы Къапы,селение при Перекопском бромном заводе
geonames:704363	Krasnopavlivka	49.13699	36.3201	PPL	7495	Краснопавловка,Краснопавлівка
geonames:704373	Krasnolissya	44.83259	34.23086	PPL	1061	Краснолесье,Краснолісся,Тавель
geonames:704376	Krasnokutsk	50.06602	35.16275	PPL	8008	Краснокутск,Краснокутськ
geonames:704377	Krasnokamyanka	44.56383	34.28877	PPL	1051	Кизилташ,Краснокаменка,Краснокам’янка
geonames:704379	Krasnoyilsk	48.01865	25.56004	PPL	10428	Красноильск,Красноїльськ
geonames:704381	Kurman	45.50271	34.30134	PPLA2	11134	Красногвардейское,Красногвардійське,Курман,Курман-Кемельчи
geonames:704382	Krasnogvardeyskoye	45.18348	34.95066	PPLA3	1441	Красногвардейское,Красногвардійське,Новый Цюрихталь
geonames:704388	Berestyn	49.3776	35.44485	PPLA2	21426	Берестин,Бэрэстын,Константиноград,Костянтиноград,Красноград
geonames:704393	Krasnohorivka	48.00462	37.50692	PPL	14666	Красногоровка,Красногорівка
geonames:704398	Krasnoflotskoye	45.31572	34.94756	PPLA3	1143	Кайнаш,Краснофлотское,Краснофлотське
geonames:704402	Teple	48.31245	39.56284	PPL	5398	Катеринодон,Краснодон,Тепле,Тёплое
geonames:704403	Sorokyne	48.29329	39.7332	PPLA3	49352	Краснадон,Краснодон,Сарокіна,Сорокине,Сорокино
geonames:704411	Khreshchatytske	47.23297	37.92747	PPL	1235	Балка Волошська,Краснаармейскае,Красноармейское,Красноармійське,Крещатицкое,Крещатицкое / Красноармейское,Храшчацікае,Хрещатицьке
geonames:704422	Pokrovsk	48.28014	37.17706	PPLA2	60127	Красноармейск,Красноармійськ,Покровск,Покровськ
geonames:704427	Krasnen’koye	48.13384	30.32703	PPL	1002	Krasnen'koye,Красненькое
geonames:704428	Antonivka	46.14276	32.95159	PPL	1980	Антоновка,Антонівка
geonames:704431	Krasna Zor'ka	45.13432	34.04015	PPL	2777	Карача-Кангил,Красна Зорька,Красная Зорька
geonames:704439	Krasna Talivka	48.86259	39.84726	PPL	1081	Красна Таловка,Красна Талівка
geonames:704443	Krymskaya Roza	45.05776	34.35631	PPLA3	1755	Красная Роза,Кримська Роза,Крымская Роза
geonames:704451	Nova Karakuba	47.55794	37.07451	PPL	3828	Красна Поляна,Нова Каракуба
geonames:704454	Krasnaya Polyana	45.48241	32.9379	PPLA3	1048	Кизил-Чонрав,Красна Поляна,Красная Поляна
geonames:704458	Krasna Luka	50.43995	33.97581	PPLA3	1147	Красна Лука,Красная Лука
geonames:704469	Krasna	48.57459	24.69601	PPL	3096	Krаsnа,Красна,Красни
geonames:704470	Krasna	48.22983	23.9444	PPL	2960	Красна
geonames:704492	Krasyliv	49.65376	26.97211	PPLA2	18868	Красилов,Красилів
geonames:704495	Krasenivka	49.82227	32.39527	PPL	1055	Красеновка,Красенівка
geonames:704503	Kropyvna	49.63637	32.16477	PPL	1261	Крапивна,Кропивна
geonames:704508	Kramatorsk	48.73106	37.56779	PPLA2	147145	Краматор,Краматорск,Краматорска,Краматорськ,Краматорьск
geonames:704513	Krakovets	49.95876	23.15911	PPL	1154	Кракавэць,Краковец,Краковець
geonames:704518	Kozyrka	46.81038	31.88014	PPL	1099	Козырка
geonames:704525	Kozova	49.43206	25.14547	PPLA2	8989	Козова
geonames:704540	Kozliv	49.55445	25.34566	PPL	1778	Козлов,Козлів
geonames:704548	Koziyivka	50.14711	35.22178	PPL	2338	Козиевка,Козіївка
geonames:704557	Kozyn	50.22205	30.6527	PPLA3	3536	Козин
geonames:704565	Kozhanka	49.97231	29.76424	PPL	1778	Кожанка
geonames:704570	Kozelshchyna	49.21731	33.84888	PPL	3628	Казэльшчына,Козельщина,Козэльщына
geonames:704573	Kozelets	50.91211	31.11664	PPLA3	7646	Казэлэць,Козелец,Козелець
geonames:704575	Kozatske	49.09879	31.14485	PPL	1569	Казацкое,Козацьке
geonames:704582	Kozyryany	48.36774	26.64639	PPL	1005	Козиряни,Козыряны
geonames:704608	Kivsharivka	49.63026	37.6775	PPL	19738	Ковшаровка,Ківшарівка,Кіўшарыўка
geonames:704617	Kovel	51.21548	24.70077	PPLA2	67575	Ковель
geonames:704632	Kovalivka	49.98161	30.01341	PPLA3	1646	Kоvаlіvkа,Каваліўка,Ковалевка,Ковалівка
geonames:704635	Kovalivka	49.61119	34.70838	PPL	2137	Ковалевка,Ковалівка
geonames:704642	Kovalivka	47.26759	31.73563	PPL	2031	Коваловка,Ковалівка
geonames:704665	Horbova	48.2	26.16667	PPL	2969	Горбова
geonames:704666	Ostrytsya	48.28333	26.05	PPL	2368	Острица,Остриця
geonames:704670	Kotsyubynske	50.48836	30.32957	PPL	17623	Берковець,Кацюбынскэ,Коцюбински,Коцюбинское,Коцюбинське,Коцюбынськэ
geonames:704679	Podilsk	47.74988	29.53074	PPL	39220	Котовск,Подиљск,Подольск,Подільськ
geonames:704689	Kotlyareve	46.88586	32.21949	PPL	1602	Котлярeве,Котлярёво
geonames:704697	Kotlovyna	45.50692	28.57438	PPL	2643	Kоtlоvynа,Котловина
geonames:704705	Kotelva	50.06849	34.74697	PPLA2	12122	Котельва
geonames:704706	Kotel’nikovo	45.36584	34.02575	PPLA3	1373	Kotel'nikovo,Агъяр-Джирень,Котельникове,Котельниково
geonames:704708	Koteleve	48.2835	26.35822	PPL	2991	Котелеве,Котелево
geonames:704722	Kostylivka	47.99327	24.2013	PPL	4049	Костиловка,Костилівка
geonames:704724	Kostyantynivka	47.83063	31.15155	PPL	2142	Константиновка,Костянтинівка
geonames:704730	Kostryzhivka	48.65456	25.70916	PPL	2606	Кастрыжыўка,Кострижевка,Кострижовка,Кострижівка
geonames:704737	Kostopil	50.87732	26.44797	PPLA3	30838	Костопиљ,Костополь,Костопіль
geonames:704741	Kostohryzove	46.49933	32.85903	PPL	1931	Костогризове,Костогризово
geonames:704744	Kostyntsi	48.28046	25.6356	PPL	1244	Костинцы,Костинці
geonames:704756	Kosivska Poliana	48.00451	24.11054	PPL	4222	Косівська Поляна
geonames:704759	Kosivka	48.81257	33.02712	PPL	1378	Косовка,Косівка
geonames:704764	Kosiv	48.32051	25.09109	PPLA2	8522	Косов,Косів
geonames:704772	Kosmach	48.75	24.37014	PPL	1517	Космач
geonames:704773	Kosmach	48.33113	24.81417	PPLA3	6054	Kоsmаts,Космач
geonames:704778	Koson	48.25411	22.45854	PPLA3	2338	Kоsоn,Косонь
geonames:704788	Koshmanivka	49.52814	34.9811	PPL	2061	Кошмановка,Кошманівка
geonames:704802	Koshelovo	48.23841	23.33472	PPL	3101	Кошелеве,Кошельово,Кошелёво
geonames:704839	Koryukivka	51.7746	32.24747	PPLA2	14215	Каруківка,Корюковка,Корюківка
geonames:704842	Korytne	48.33463	25.38912	PPL	2396	Вилавче,Коритне
geonames:704852	Koryst	50.59641	26.99947	PPL	1326	Користь
geonames:704856	Korsuntsi	46.59081	30.76486	PPL	2107	Корсунци,Корсунці
geonames:704858	Korsun-Shevchenkivskyi	49.41822	31.25174	PPLA2	17763	Корсунь,Корсунь-Шевченковский,Корсунь-Шевченківський
geonames:704863	Korsun	48.2041	38.08264	PPL	3127	Корсунь
geonames:704877	Koroviia	48.22405	25.97186	PPL	2992	Коровия,Коровія
geonames:704881	Korotych	49.94737	36.03736	PPL	4889	Каротыч,Коротич,Коротыч
geonames:704885	Korostyshiv	50.31686	29.05774	PPLA3	24129	Карастышаў,Карастышыў,Коростишів,Коростышев
geonames:704901	Korosten	50.9512	28.63859	PPLA2	61496	Izukorustѣn',Іскоростень,Изъкоръстѣнь,Карасьцень,Корастэнь,Корасцень,Корасьцень,Коростень,Коростењ
geonames:704914	Koropets	48.93245	25.17768	PPL	3206	Коропец,Коропець
geonames:704915	Korop	51.56666	32.95217	PPLA3	5071	Корап,Короп
geonames:704920	Korolevo	48.15731	23.13769	PPL	10385	Каралэва,Королево,Королёво
geonames:704938	Korobivka	49.61647	31.95744	PPL	1155	Коробовка,Коробівка
geonames:704943	Korobchyne	48.7652	31.49344	PPL	1034	Коробчине,Коробчино
geonames:704949	Kornyn	50.09673	29.53892	PPLA3	1974	Корнин
geonames:704952	Korniyivka	50.41661	31.46261	PPL	1137	Корнеевка,Корніївка
geonames:704960	Kormovoye	45.50001	33.61192	PPLA3	1360	Кормове,Кормовое,Тогайлы
geonames:704968	Korets	50.61921	27.15795	PPLA3	6914	Корец,Корець
geonames:704972	Koreyiz	44.43149	34.08404	PPL	5455	Карэіз,Кореиз,Кореїз
geonames:704983	Korchivtsi	48.01143	25.77249	PPL	1733	Корчивци,Корчівці
geonames:705016	Kopychyntsi	49.103	25.91164	PPL	6502	Копичинці,Копычинцы
geonames:705034	Kopaihorod	48.85367	27.80178	PPL	1247	Капайгарад,Копайгород
geonames:705104	Kostyantynivka	48.52728	37.70594	PPL	67350	Константиновка,Костянтинівка
geonames:705114	Kostyantynivka	46.82705	33.86855	PPLA3	1455	Константиновка,Костянтинівка
geonames:705115	Kostyantynivka	46.81778	35.42424	PPL	11540	Константиновка,Костянтинівка
geonames:705125	Kinski Rozdory	47.41181	36.42267	PPL	3113	Конские-Раздоры,Кінські Роздори
geonames:705135	Konotop	51.23251	33.2004	PPLA2	84787	Канатоп,Канатып,Конотоп
geonames:705139	Konoplyane	47.04619	30.47812	PPL	1707	Конопляне
geonames:705156	Kinetspil	48.00426	30.78659	PPL	3518	Конецполь,Кінецьпіль
geonames:705183	Slobozhanske	49.59054	36.52172	PPLA3	15825	Комсомольське,Слобожанское,Слобожанське
geonames:705186	Kal'mius'ke	47.6639	38.07753	PPL	11422	Кальмиусское / Комсомольское,Каракуббуд,Комсомольское,Комсомольське
geonames:705198	Kompaniyivka	48.25022	32.20138	PPLA2	4429	Компанеевка,Компаніївка
geonames:705205	Sarabash	47.7637	37.78904	PPL	1008	Комунарівка,Сарабаш,Сарабаш / Коммунаровка
geonames:705218	Holubivka	48.38816	38.5243	PPL	1616	Голубовка,Голубівка,Комісарівка
geonames:705222	Dobroslav	46.82095	30.94518	PPLA2	6847	Доброслав,Комінтернівське
geonames:705235	Komarivtsi	48.19862	25.57956	PPL	1610	Комаривци,Комарівці
geonames:705263	Komariv	48.56125	26.9887	PPL	1804	Комаров,Комарів
geonames:705265	Komarno	49.62714	23.69639	PPLA3	3707	Комарно
geonames:705271	Komar	47.97782	36.74647	PPLA3	1705	Комар
geonames:705275	Kolychivka	51.41558	31.30298	PPL	1468	Количівка,Колычовка
geonames:705301	Kolosky	45.271	33.29972	PPL	1116	Колоски
geonames:705302	Kolontayiv	49.97977	34.95963	PPL	1192	Колонтаев,Колонтаїв
geonames:705307	Koloniya Zastav’ye	50.81667	27.03333	PPL	3642	Koloniya Zastav'ye
geonames:705392	Kolomyia	48.52496	25.03712	PPLA2	60821	Коломия,Коломија,Коломыя
geonames:705403	Kolomak	49.84061	35.2996	PPLA3	2681	Каломак,Коломак
geonames:705431	Kolodenka	50.58561	26.31601	PPL	3052	Колоденка
geonames:705433	Kolochava	48.42637	23.69814	PPLA3	4839	Kоlоtsаvа,Колочава
geonames:705442	Kulevcha	46.03323	29.94032	PPL	4032	Кулевча
geonames:705459	Kolinkivtsy	48.41254	26.12462	PPL	5245	Коленковцы,Колінківці
geonames:705461	Kol’chugino	44.94367	33.78865	PPLA3	3992	Kol'chugino,Булганак,Кольчугине,Кольчугино,Кроненталь
geonames:705462	Kolchyno	48.46936	22.75784	PPL	4261	Кольчино,Кольчына
geonames:705465	Sofiyivka	46.90595	36.32638	PPL	1128	Болгарка,Българка,Коларовка,Коларівка,Романовка,Романівка,Софіївка,Тогали,Тогалы
geonames:705490	Kamyanyy Mist	47.90786	30.78891	PPL	1535	Кам'яний Міст,Каменный Мост
geonames:705493	Kodyma	48.10306	29.12598	PPL	8514	Кодима,Кодыма
geonames:705494	Kodra	50.59488	29.55873	PPL	1399	Кодра
geonames:705498	Kodaky	50.10022	30.27053	PPL	1313	Кодаки
geonames:705512	Kochetok	49.88005	36.73723	PPL	3481	Качэток,Кочеток
geonames:705524	Kobyzhcha	50.82854	31.50439	PPL	4332	Кобижча,Кобыжча
geonames:705532	Kobyletska Polyana	48.06085	24.0719	PPL	3483	Кабылэцька Паляна,Кобилецька Поляна,Кобылецка Поляна,Кобылецкая Поляна
geonames:705537	Kobolchyn	48.50163	27.3686	PPL	2355	Коболчин
geonames:705540	Kobleve	46.66499	31.20804	PPL	2385	Коблеве,Коблево
geonames:705544	Kobelyaky	49.14936	34.20193	PPLA2	9772	Кобеляки
geonames:705560	Knyazhichi	50.46275	30.78369	PPL	5207	Княжичи,Княжичі
geonames:705574	Kozatska Sloboda	47.11872	33.85648	PPL	1583	Князе Григорівка,Козацька Слобода
geonames:705599	Kliucharky	48.41864	22.64292	PPL	2632	Kljutsаrky,Ключарки
geonames:705621	Klivodyn	48.477	25.75195	PPL	1704	Кливодин,Кліводин
geonames:705626	Klishkivtsi	48.42342	26.25229	PPL	6279	Клишковцы,Клішківці
geonames:705634	Zrub-Komarivskyy	48.15918	25.56868	PPL	1451	Зруб-Комаровский,Зруб-Комарівський
geonames:705660	Klevan	50.74863	26.01333	PPLA3	1458	Клевань
geonames:705673	Klenovyi	48.11934	39.4588	PPL	2259	Кленовий
geonames:705676	Klenovets’	48.50729	22.76153	PPL	1243	Klenovets',Кленовець
geonames:705681	Klembivka	48.38732	28.40998	PPL	3692	Клембівка
geonames:705689	Klavdiievo-Tarasove	50.58416	30.01134	PPL	4685	Клавдиево-Тарасово,Клавдіэво-Тарасове,Клавдієво-Тарасове,Клаўдзіева-Тарасавэ
geonames:705698	Kizomys	46.56336	32.34783	PPL	1797	Кизомис,Кізомис
geonames:705720	Kyinka	51.45329	31.19371	PPLA3	2552	Киенка,Киїнка
geonames:705730	Kivertsi	50.83516	25.45596	PPLA3	13798	Киверцы,Ківерці
geonames:705735	Kitsman	48.43867	25.76111	PPLA2	6229	Кицмань,Кіцмань
geonames:705740	Kytayhorod	48.90048	34.44729	PPL	2445	Китайгород
geonames:705743	Shirokoye	45.20029	34.05069	PPLA3	1491	Китай,Широке,Широкое
geonames:705760	Kyslytsya	45.40802	29.03616	PPL	2973	Кислица,Кислиця
geonames:705765	Podviryvka	48.31969	26.78609	PPL	2310	Кишло-Замжієво,Подворьевка,Подвір'ївка
geonames:705782	Kyselivka	47.00204	32.46997	PPL	1256	Киселовка,Киселівка
geonames:705784	Kyseliv	48.58022	25.657	PPL	2873	Киселов,Киселів
geonames:705788	Kyryakivka	47.05664	31.85076	PPL	1223	Кир'яківка,Кирьяковка
geonames:705789	Kerstentsi	48.3746	26.34696	PPL	1268	Керстенцы,Керстенці
geonames:705796	Obukhivka	48.54884	34.85387	PPL	9178	Кіровське,Обуховка,Обухівка
geonames:705797	Khrestivka	48.14969	38.35941	PPLA3	27370	Кировское,Кіровське,Хрестівка
geonames:705798	Tarkhankut	45.54503	33.07769	PPLA3	2096	Кировское,Кіровське,Тарханкут
geonames:705799	Islyam-Terek	45.22967	35.19987	PPLA2	7064	Іслям-Терек,Ислам-Терек,Кировское,Кіровське
geonames:705808	Zarichne	49.0234	37.93161	PPLA3	2950	Заречное,Зарэчнае,Зарічне,Кировск,Кірове,Попівка
geonames:705809	Holubivka	48.63751	38.6428	PPL	26654	Голубівка,Кировск,Кіровськ
geonames:705812	Kropyvnytskyi	48.50834	32.26618	PPLA	219676	Єлизаветград,Єлисавет,Елисаветград,Зиновьевск,Зінов'євськ,Кирово,Кировоград,Кропивницкий,Кропивницький,Кіраваград,Кірово,Кіровоград
geonames:705821	Pivnichne	48.39785	37.90935	PPL	11747	Кирово,Кірове,Пивничное,Північне
geonames:705836	Kyrnychky	45.70537	29.06911	PPL	2245	Кирнички
geonames:705837	Kyrnasivka	48.59183	28.97923	PPL	4997	Кирнасовка,Кирнасівка
geonames:705854	Kyrykivka	50.3639	35.11484	PPLA3	3202	Кириковка,Кириківка
geonames:705883	Kiliya	45.44445	29.26396	PPLA2	19540	Килия,Кілія
geonames:705911	Kybyntsi	49.95651	33.45686	PPL	1332	Кибинцы,Кибинці
geonames:705912	Khyzha	48.10939	23.20826	PPL	1714	Хижа
geonames:705914	Khyriv	49.53464	22.85269	PPLA3	4104	Хирів,Хыров
geonames:706016	Petrivka	46.99814	31.76372	PPL	1160	Петровка,Петрівка
geonames:706165	Khust	48.17193	23.29791	PPLA2	28424	Хуст
geonames:706173	Khudlovo	48.58638	22.4782	PPL	1444	Худльово
geonames:706181	Khriatska	48.1655	26.18714	PPL	1992	Хряцка,Хряцька
geonames:706195	Khrystoforivka	47.98295	33.0943	PPL	1415	Христофоровка,Христофорівка
geonames:706197	Khrystoforivka	47.2678	32.25637	PPL	1061	Христофоровка,Христофорівка
geonames:706200	Khrystynivka	48.81282	29.96885	PPL	9879	Христиновка,Христинівка
geonames:706232	Khotiv	50.33069	30.46836	PPL	4569	Хотов,Хотів
geonames:706244	Khotyn	48.50555	26.48978	PPL	8936	Хотин
geonames:706250	Khoteshiv	51.7178	24.80178	PPL	1501	Хотешов,Хотешів
geonames:706253	Khotin	51.07997	34.77302	PPLA3	2290	Хотень,Хотінь
geonames:706271	Khorostkiv	49.21385	25.91964	PPL	6703	Хоростков,Хоростків
geonames:706275	Horoshivtsi	48.47844	25.98007	PPL	1096	Горошовцы,Горошівці
geonames:706278	Khoroshe Ozero	51.09764	32.24204	PPL	1061	Хороше Озеро,Хорошее озеро
geonames:706279	Khoroshe	48.62373	38.84843	PPL	1607	Хороше
geonames:706280	Khoroshe	48.55253	36.4736	PPL	1145	Хороше,Хорошее
geonames:706281	Khorosheve	49.8517	36.22759	PPL	4432	Хорашэвэ,Хорошеве,Хорошево
geonames:706289	Khorol	49.78286	33.27184	PPL	12540	Хорол
geonames:706312	Khomutets	50.06107	33.72042	PPL	2477	Хомутец,Хомутець
geonames:706333	Kholodna Balka	46.60626	30.58363	PPL	2582	Холодна Балка,Холодная Балка
geonames:706335	Kholmy	51.87141	32.59733	PPLA3	3146	Халмы,Холми,Холмы
geonames:706337	Kholmske	45.75913	29.22759	PPL	2856	Селиоглу,Селіогло,Холмское,Холмське
geonames:706339	Kholmok	48.56614	22.26534	PPLA3	1179	Холмок
geonames:706347	Khodosivka	50.27239	30.52281	PPLA3	1354	Ходосовка,Ходосівка
geonames:706352	Khodoriv	49.40738	24.31294	PPLA3	8954	Ходоров,Ходорів
geonames:706368	Khmeliv	50.88745	33.48283	PPLA3	1128	Хмелев,Хмелів
geonames:706369	Khmelnytskyi	49.41835	26.97936	PPLA	274452	Плоскуров,Плоскурів,Хмельницкий,Хмельницький
geonames:706380	Khmilnyk	49.5581	27.95682	PPLA2	27707	Хмельник,Хмільник
geonames:706411	Khlibodarivka	47.47893	37.40147	PPLA3	1296	Хлебодаровка,Хлібодарівка
geonames:706434	Khymchyn	48.37965	25.14848	PPL	3124	Химчин
geonames:706448	Kherson	46.63695	32.61458	PPLA	66000	Херсон,Херсонскую
geonames:706451	Yarivka	48.35915	26.52994	PPL	1223	Яровка,Ярівка
geonames:706466	Khartsyzk	48.04277	38.14025	PPLA3	56182	Харцизьк,Харцызск
geonames:706483	Kharkiv	49.98177	36.25475	PPLA	1421125	Харков,Харків,Харьков
geonames:706492	Khaliavyn	51.59734	31.29718	PPL	1109	Халявин
geonames:706493	Martynivka	49.51637	35.28966	PPLA3	1722	Мартинівка,Халтурине,Халтурино
geonames:706501	Hodyliv	48.24623	25.92636	PPL	1255	Годилів,Годылов
geonames:706517	Keretsky	48.47928	23.22064	PPLA3	4324	Керецьки
geonames:706524	Kerch	45.35675	36.47542	PPLA2	148932	Керч,Керчь
geonames:706536	Kelmentsi	48.4664	26.83277	PPLA2	7211	Кельменцы,Кельменці
geonames:706546	Kehychivka	49.28656	35.76153	PPL	5628	Кегичевка,Кегичівка,Кэгычыўка
geonames:706566	Kozatske	46.78551	33.35002	PPL	3746	Казацкое,Козацьке
geonames:706567	Kozatske	46.34881	30.0452	PPL	1550	Гура Роша,Казацкое,Кизил Пунар,Козацьке
geonames:706571	Kozyatyn	49.7164	28.83858	PPLA3	23241	Казатин,Козятин
geonames:706580	Kazanka	47.82691	32.83057	PPLA2	6972	Казанка
geonames:706587	Kozacha Lopan	50.33212	36.19823	PPL	1200	Казачья Лопань,Козача Лопань
geonames:706596	Kozachi Laheri	46.70538	32.98194	PPL	3587	Kоzаtsі Lаhеrі,Казачьи Лагери,Козачі Лагері
geonames:706604	Stari Kodaky	48.37678	35.12398	PPL	1619	Кодак,Старий Кодак,Старі Кайдаки,Старі Кодаки
geonames:706612	Katiuzhanka	50.80595	30.13763	PPL	4046	Катюжанка
geonames:706634	Katerynopil	48.94563	30.97187	PPLA2	5513	Калниболото,Кальниболото,Катеринополь,Катеринопіль
geonames:706663	Kashperivka	49.43232	29.68125	PPL	3001	Кашперовка,Кашперівка
geonames:706736	Karnaukhivka	48.47542	34.73631	PPL	6634	Карнауховка,Карнаухівка
geonames:706749	Karlivka	49.45548	35.13493	PPLA2	14470	Карловка,Карлівка
geonames:706756	Sofiyivka	48.2638	38.15928	PPL	11458	Карло-Марксове,Карло-Марксово,Софіївка
geonames:706757	Soledar	48.6921	38.07098	PPLA3	10490	Соледар
geonames:706768	Kardashynka	46.55385	32.61624	PPL	1303	Кардашинка
geonames:706803	Karapyshi	49.64415	30.79614	PPL	2960	Карапиші,Карапыши
geonames:706805	Karapchiv	48.08149	25.84169	PPL	2092	Карапчов,Карапчів
geonames:706807	Karapchiv	48.3242	25.44805	PPL	2158	Карапчов,Карапчів
geonames:706867	Novofedorivka	46.77089	31.30912	PPL	1015	Новофедорівка,Новофёдоровка
geonames:706877	Kaplivka	48.44739	26.51098	PPL	1461	Капловка,Каплівка
geonames:706883	Kapitanivka	48.92016	31.71627	PPL	2539	Капитановка,Капітанівка,Капітаніўка
geonames:706886	Kapytolivka	49.19379	37.34838	PPL	1485	Капитолевка,Капитолівка
geonames:706898	Kanizh	48.72143	31.93073	PPL	1147	Каниж
geonames:706900	Kaniv	49.75187	31.47003	PPLA2	23503	Канев,Канеў,Канив,Канів
geonames:706914	Komysh-Zorya	47.33074	36.69571	PPL	2188	Камыш-Заря,Комиш-Зоря,Царекостянтинівка
geonames:706915	Komyshnya	50.18643	33.6831	PPL	2087	Камышня,Комишня
geonames:706924	Komyshivka	45.51876	29.12375	PPL	3491	Камишовка,Камышовка,Комишівка,Хаджи-Курда
geonames:706941	Komyshuvakha	47.71491	35.52405	PPL	5211	Камышеваха,Комишуваха
geonames:706945	Komyshany	46.63995	32.50343	PPL	6896	Арнаутка,Камышаны,Комишани
geonames:706947	Kamyanske	45.81909	29.25891	PPL	2739	Каменское,Камянске,Кам’янське,Ташлик
geonames:706950	Kamyanets-Podilskyi	48.67882	26.58516	PPLA2	97908	Каменец-Подолски,Каменец-Подольский,Кам’янець-Подільський
geonames:706965	Kamyanske	48.27991	22.94435	PPL	1528	Камянское,Кам’янське
geonames:706966	Kamyanske	47.61817	34.42784	PPL	2563	Каменское,Кам’янське
geonames:706967	Kamyanske	47.53918	35.37373	PPL	2054	Камянское,Кам’янське
geonames:706985	Kamyanyy Mist	47.96289	30.81543	PPL	1092	Кам'яний Міст,Каменный Мост
geonames:706987	Kamiani Potoky	48.97933	33.52667	PPLA3	3662	Kаmjanі Pоtоky,Каменни Потоки,Каменные Потоки,Кам’яні Потоки
geonames:706992	Kamyanyi Brid	50.41596	27.83966	PPL	2355	Каменный Брод,Камјани Брід,Кам’яний Брід,Кам’яны Брыд
geonames:706993	Kamyanyi Brid	49.26299	30.68302	PPL	1021	Кам'яний Брід,Каменный Брод
geonames:707001	Kamyane	48.18621	29.93142	PPL	1425	Кам'яне,Камяне
geonames:707002	Kamyane	48.16829	39.16537	PPL	3116	Каменни,Каменное,Кам’яне
geonames:707003	Kamyane	47.87528	35.39651	PPL	1188	Каменное,Кам’яне
geonames:707018	Kamyana	48.23286	25.85035	PPL	2956	Кам'яна,Каменная
geonames:707025	Kamin-Kashyrskyi	51.62514	24.96276	PPLA2	11042	Камень-Каширский,Камінь-Каширський
geonames:707026	Kamyanka-Dniprovska	47.49629	34.41026	PPL	12117	Кам'янка-на-Дніпрі,Каменка-Днепровская,Кам’янка-Дніпровська,Мала Знам'янка
geonames:707027	Kamyanka-Buzka	50.10655	24.34451	PPL	10397	Каменка-Бугская,Кам’янка-Бузька
geonames:707052	Kamyanka	49.03955	32.10174	PPLA2	11501	Каменка,Кам’янка
geonames:707058	Kamyanka	48.02786	25.89964	PPL	6847	Кам'янка,Каменка
geonames:707067	Kamyanka	46.81654	31.67286	PPL	1436	Анчекрак,Кам'янка,Каменка,Краснобалково
geonames:707069	Kamyanka	46.63528	30.24121	PPL	1390	Камянка,Кам’янка
geonames:707070	Kam'yanka	45.56386	28.88191	PPL	3478	Каменка,Кам’янка,Ташбунар
geonames:707073	Kamianytsia	48.69343	22.3957	PPL	1886	Каменица,Кам’яниця
geonames:707099	Kalush	49.02398	24.37206	PPLA2	65088	Калуш
geonames:707110	Kalnybolota	48.75258	30.99005	PPL	1426	Кальниболота
geonames:707127	Kalyny	48.14403	23.87386	PPL	5627	Калини
geonames:707136	Kalynove	48.5666	38.51916	PPL	2988	Калинове,Калиново
geonames:707155	Kalynivka	49.46129	28.51541	PPLA2	18492	Калинивка,Калиновка,Калинівка
geonames:707172	Kalynivka	47.04732	32.18071	PPL	3471	Калиновка,Калинівка
geonames:707183	Kalinovka	45.31658	35.74643	PPLA3	2302	Калиновка,Калинівка,Корпе
geonames:707190	Kalynivske	47.11684	32.97565	PPL	1142	Большая Сейдеменуха,Велика Сейдеменуха,Калининдорф,Калиновское,Калинівське,Калініндорф,Калінінське
geonames:707197	Kalinino	45.74262	33.77676	PPLA3	1640	Калининдорф,Калинино,Калініне,Найлетен,Орман-Аджи
geonames:707198	Kalinino	45.59521	34.2203	PPLA3	1120	Калининдорф,Калинино,Калініне
geonames:707219	Kalchyk	47.30658	37.59958	PPLA3	1718	Кальчик
geonames:707220	Kalcheva	45.73609	28.80772	PPL	3536	Калчева,Калчево
geonames:707222	Kalaidyntsi	50.10176	32.96413	PPL	1016	Калайдинцы,Калайдинці
geonames:707232	Kalanchak	46.25495	33.29061	PPL	9251	Каланчак
geonames:707233	Kalanchak	45.54058	28.79374	PPL	1208	Каланчак
geonames:707240	Mirnoye	44.9833	34.0616	PPLA3	9284	Мирне,Мирное,Сарайлы-Кият
geonames:707244	Kakhovka	46.81601	33.47862	PPLA3	35983	Каховка
geonames:707245	Kairy	46.94611	33.70519	PPL	3364	Каїри
geonames:707251	Kaharlyk	49.859	30.82327	PPL	13133	Кагарлик,Кагарлык
geonames:707252	Kaharlyk	46.60044	30.1963	PPL	1637	Кагарлик
geonames:707257	Kadubivtsi	48.58055	25.76927	PPLA3	3528	Kаdubіvtsі,Кадубовцы,Кадубівці,Кадубіўці
geonames:707281	Kacha	44.77635	33.54387	PPLA3	4282	Кача
geonames:707291	Izyumovka	45.04437	35.13717	PPL	1128	Ізюмівка,Изюмовка,Тамгаджи
geonames:707292	Izyum	49.20697	37.27679	PPLA2	45884	Ізюм,Изюм,Изјум
geonames:707296	Iziaslav	50.11978	26.82475	PPLA2	16162	Ізяслав,Жеслав,Заслав,Заславль,Изяслав
geonames:707299	Izvaryne	48.28754	39.89573	PPL	1560	Ізварине,Изварино
geonames:707305	Izobilne	44.70276	34.35357	PPL	2333	Ізобільне,Изобильное,Корбек
geonames:707308	Izmayil	45.35058	28.83751	PPLA2	69932	Ізмаїл,Антиофілас,Антифіла,Измаил,Мехмедабад,Сміл,Тучков
geonames:707311	Izky	48.64992	23.36482	PPL	1250	Ізки,Изки
geonames:707313	Yizhivtsi	48.02526	25.64626	PPL	5987	Їжівці,Иживцы
geonames:707317	Iza	48.21525	23.32867	PPL	5237	Іzа,Іза,Иза
geonames:707326	Iverske	48.64043	36.95939	PPL	1419	Іверське,Иверское,Новоселівка,Петрищеве,Самойлівка
geonames:707335	Ivashkiv	48.1259	29.20448	PPL	1319	Івашків,Ивашков
geonames:707347	Ivanivtsi	48.48851	27.03363	PPL	3253	Іванівці,Ивановцы
geonames:707348	Ivanivtsi	48.47105	22.64678	PPLA3	1222	Іванівці,Ивановцы
geonames:707364	Ivanivka	51.37572	31.29013	PPLA3	1487	Іванівка,Ивановка
geonames:707390	Ivanivka	49.13899	34.36904	PPL	1090	Іванівка,Ивановка
geonames:707413	Yanoshi	48.25371	22.62702	PPL	2030	Janоsі,Яноши,Яноші
geonames:707414	Ivanivka	48.24306	38.945	PPL	7333	Іванівка,Ивановка
geonames:707416	Ivanivka	48.09969	36.63486	PPL	1000	Іванівка,Ивановка
geonames:707438	Ivanivka	47.47782	34.75996	PPL	2329	Іванівка,Ивановка
geonames:707440	Skosarivka	47.44407	30.52626	PPL	1007	Скосаровка,Скосарівка
geonames:707451	Ivanivka	46.97463	30.46938	PPL	2424	Іванівка,Іваніўка,Иванивка,Ивановка
geonames:707453	Ivanivka	46.71268	34.54975	PPL	4410	Іванівка,Іваніўка,Иванивка,Ивановка
geonames:707460	Ivanovka	45.072	33.6613	PPLA3	2055	Іванівка,Ивановка,Камышлы
geonames:707462	Ivaniv	49.4877	28.34487	PPLA3	4087	Іванів,Иванов,Янів
geonames:707464	Ivanopillya	48.47334	37.76328	PPL	1466	Іванопілля,Иванопилля
geonames:707465	Ivanopil	49.8606	28.21561	PPL	2937	Іванопіль,Иванополь,Янушполь,Янушпіль
geonames:707471	Ivano-Frankivsk	48.92312	24.71248	PPLA	238196	Івано-Франківськ,Ивано-Франковск,Франківськ
geonames:707489	Ivankiv	50.93953	29.90205	PPLA3	9993	Іванкаў,Іванків,Иванков
geonames:707494	Ivankivtsi	48.45332	25.67275	PPL	1388	Іванківці,Иванковцы
geonames:707529	Ispas	48.29881	25.26941	PPL	5625	Іspаs,Іспас,Испас
geonames:707531	Iskrivka	48.19409	33.38463	PPL	1137	Іскрівка,Искровка
geonames:707544	Ishun’	45.92403	33.82364	PPLA3	2913	Ishun',Ішунь,Ишунь
geonames:707549	Isayeve	47.47537	30.50152	PPL	1513	Ісаєве,Исаеве
geonames:707559	Irshava	48.31227	23.04065	PPL	9163	Іршава,Иршава
geonames:707560	Irshansk	50.75317	28.72119	PPLA3	6346	Іршанськ,Иршанськ
geonames:707565	Irpin	50.52201	30.24037	PPLA3	65167	Ірпінь,Дачі Ірпінь,Ирпень,Ирпињ,Пилипів Потік
geonames:707568	Irkliiv	49.51893	32.33364	PPLA3	1916	Іркліїв,Ирклиев
geonames:707580	Yosypivka	48.35938	30.21216	PPL	1640	Йосиповка,Йосипівка,Юзефівка
geonames:707582	Yosypivka	46.407	30.43552	PPL	1429	Йосиповка,Йосипівка
geonames:707587	Yordaneshty	48.10486	25.80992	PPLA3	2263	Йорданешти
geonames:707601	Inhulets	47.7301	33.25189	PPL	62173	Інгулець,Ингулець
geonames:707610	Imstychovo	48.29577	23.19458	PPL	2729	Імстичово,Имстичово
geonames:707645	Stavky	50.41649	29.22344	PPL	1170	Леніне,Ставки
geonames:707652	Zaporizhzhya	47.15214	35.74246	PPL	1073	Запоріжжя
geonames:707679	Ilovays’k	47.92498	38.20235	PPL	15447	Ilovays'k,Іловайськ,Иловайск
geonames:707681	Ilnytsia	48.35662	23.07616	PPL	9050	Ільниця,Ильниця
geonames:707688	Chornomors’k	46.29914	30.65529	PPL	57983	Chornomors'k,Іллічівськ,Ч,Черноморск,Чорноморск,Чорноморськ
geonames:707689	Yavornytske	48.40458	35.27933	PPL	8836	Іларіонове,Јаворницке,Илларионово,Яворницкое,Яворницьке
geonames:707695	Illintsi	49.10544	29.20589	PPLA3	11284	Іллінці,Ильинцы
geonames:707704	Illinka	46.68136	30.6377	PPL	1350	Іllіnkа,Іллінка,Ильинка
geonames:707709	Ilychyovo	45.28348	35.73864	PPLA3	1858	Іллічеве,Ильичёво,Каракуй
geonames:707710	Pokrovske	47.04956	37.46653	PPL	1838	Іллічівське,Ильичовское,Покровське
geonames:707744	Ichnia	50.85908	32.39129	PPLA3	10390	Ічня,Ичня
geonames:707746	Hvizdivtsi	48.44019	27.30145	PPL	1732	Гвиздивци,Гвіздівці
geonames:707750	Hradenytsi	46.59691	30.00244	PPL	4668	Граденицы,Градениці
geonames:707752	Horodok	49.17209	26.56357	PPLA2	16046	Городок
geonames:707753	Horlivka	48.29986	38.01709	PPLA2	239828	Горлаўка,Горловк,Горловка,Горловко,Горлівка,Һорливка
geonames:707756	Dachne	46.58226	30.54747	PPLA3	8549	Dаtsnе,Дачне,Дачни,Дачное,Дачнэ
geonames:707757	Hlyboka	48.08756	25.9284	PPLA2	9424	Глибока,Глыбокая
geonames:707758	Hlukhiv	51.67982	33.91682	PPLA3	31789	Глухив,Глухов,Глухів,Глухіў
geonames:707769	Hvizdets	48.5786	25.27861	PPL	1858	Гвоздец,Гвіздець,Гвіздэць
geonames:707770	Hvizd	48.68149	24.54599	PPL	3311	Гвізд
geonames:707775	Zarichne	48.73251	35.30929	PPL	6191	Гвардейское,Гвардійське,Заречное,Заричне,Зарічне
geonames:707777	Hvardiyske	45.11692	34.02188	PPLA3	12589	Гвардейское,Гвардійське,Сарабуз,Спат
geonames:707786	Huty	50.13333	35.34263	PPL	1978	Гути,Гуты
geonames:707837	Huta	48.6531	24.21534	PPL	1210	Гута
geonames:707840	Husiatyn	49.07123	26.20464	PPL	7083	Гусятин,Гусятын
geonames:707853	Husarivka	49.35964	36.8193	PPL	1352	Гусаровка,Гусарівка
geonames:707856	Husarka	47.35982	36.52307	PPL	1207	Гусарка
geonames:707860	Hurzuf	44.55082	34.29091	PPL	8933	Гурзуф
geonames:707864	Huryivka	47.12475	31.8629	PPL	1349	Гур'ївка,Гурьевка
geonames:707881	Hupalivka	49.10532	34.7373	PPL	1347	Гупаловка,Гупалівка
geonames:707897	Hulyaypole	48.11852	34.14854	PPL	1177	Гуляйполе
geonames:707898	Hulyaypole	47.66685	36.25576	PPLA2	13446	Гуляй-Поле,Гуляйполе
geonames:707914	Huklyvyi	48.70925	23.24589	PPL	2109	Гукливий,Гукливый
geonames:707928	Hubynykha	48.808	35.25829	PPL	5471	Губиниха,Губыныха
geonames:707953	Hruzko-Zorianske	47.9442	38.087	PPL	1333	Грузько-Зорянське
geonames:707993	Hrushovo	48.00677	23.77426	PPL	8500	Грушеве,Грушово
geonames:708003	Hrushivka	45.02161	34.97238	PPL	2269	Грушовка,Грушівка
geonames:708017	Hrun	50.23621	34.60946	PPLA3	2220	Грунь
geonames:708020	Hrudky	51.68328	24.94071	PPL	1850	Грудки
geonames:708025	Hrubna	48.45568	27.07309	PPL	1937	Грубна
geonames:708031	Hrozyntsi	48.42517	26.14864	PPL	2113	Грозинцы,Грозинці
geonames:708039	Hromivka	46.31171	34.09615	PPL	1980	Громовка,Громівка
geonames:708047	Hrodivka	48.26087	37.38258	PPLA3	2299	Гродовка,Гродівка
geonames:708052	Hrytsiv	49.97186	27.21687	PPL	3454	Грицев,Гриців
geonames:708057	Hryshkivtsi	49.93415	28.60819	PPLA3	4175	Гришковцы,Гришківці,Грышкіўці
geonames:708060	Hryshyne	48.32759	37.08055	PPL	2115	Гришине,Гришино
geonames:708061	Grishino	45.64219	33.83098	PPLA3	1755	Гришине,Гришино,Токулчак
geonames:708082	Hrymailiv	49.32962	26.0139	PPL	1778	Гримайлов,Гримайлів,Грымайліў
geonames:708120	Hryhorivka	47.69431	35.35698	PPL	1205	Григоровка,Григорівка
geonames:708121	Hryhorivka	46.28988	33.73415	PPLA3	1814	Григоровка,Григорівка,Кой Чокрак
geonames:708140	Hresivskyi	45.00804	34.02657	PPL	9835	Грес,Гресівський
geonames:708146	Hremiach	52.34006	33.28482	PPL	1399	Гремяч,Грем’яч
geonames:708164	Hrechane	48.7375	34.50697	PPL	1004	Гречане,Гречаное
geonames:708173	Hreblia	48.28434	23.05376	PPL	1312	Гребля
geonames:708181	Hrebinka	50.12017	32.42966	PPL	10541	Гребёнка,Гребінка,Тінь
geonames:708185	Hrebenyky	46.88964	29.80864	PPL	1004	Гребеники
geonames:708192	Hraniv	48.87086	29.56307	PPL	2312	Гранов,Гранів
geonames:708210	Hradyzk	49.23943	33.13941	PPL	6248	Городище,Градижск,Градизьк,Градызк
geonames:708223	Hrabove	48.02341	29.03594	PPL	1293	Грабове,Грабово
geonames:708230	Hrabove	48.14667	38.64889	PPL	1000	Грабове,Грабово
geonames:708243	Hozhuly	49.60913	34.45185	PPL	3951	Гожули,Гожулы
geonames:708251	Hostomel	50.56841	30.2651	PPL	18466	Гостомель
geonames:708252	Hostyntseve	49.79794	23.19884	PPL	1060	Гостинцеве,Ляшки-Гостинцеві
geonames:708257	Hoshcha	50.60246	26.68097	PPLA3	5084	Гошча,Гоща
geonames:708273	Hirske	48.74046	38.49596	PPLA3	9274	Горское,Гірське
geonames:708277	Horshchyk	50.89979	28.30258	PPLA3	2406	Горщик
geonames:708283	Horoshova	48.54646	26.10417	PPL	1892	Горошова
geonames:708284	Lesnovka	45.1535	33.61889	PPLA3	2476	Горопашник,Лесновка,Ліснівка,Новосёловка
geonames:708287	Horonda	48.3809	22.56505	PPLA3	4500	Горонда,Ґоронда
geonames:708289	Horokhivske	46.95742	32.70372	PPL	1022	Гороховское,Горохівське
geonames:708296	Horokhiv	50.50224	24.75681	PPLA3	8444	Горохов,Горохів
geonames:708311	Horodok	51.37125	25.47362	PPL	1086	Городок
geonames:708312	Horodok	50.6881	26.17059	PPLA3	2719	Городок
geonames:708313	Horodok	49.78476	23.6481	PPLA3	15993	Городок
geonames:708320	Horodnia	51.89129	31.59632	PPLA3	11506	Городня
geonames:708324	Horodnytsia	50.80664	27.31423	PPLA3	5238	Гарадныця,Городница,Городниця,Городницја
geonames:708330	Horodnye	45.89203	28.84946	PPL	5104	Городнє,Огородное,Чийшия
geonames:708334	Horodkivka	48.37879	28.69339	PPLA3	5138	Городковка,Городківка,Мястковка,Мястківка
geonames:708351	Horodyshche	50.63965	26.36573	PPL	3757	Городище
geonames:708366	Horodyshche	49.29114	31.44035	PPLA2	13609	Городище
geonames:708368	Horodyshche	48.32181	38.63942	PPL	2386	Городище
geonames:708380	Horodenka	48.669	25.5033	PPL	9508	Городенка
geonames:708393	Hirnyk	50.33148	24.19538	PPL	2820	Гірник,Курахівка
geonames:708395	Hirnyk	48.05728	37.3716	PPL	10357	Горняк,Гірник
geonames:708398	Hirne	48.06011	38.19871	PPL	1409	Горное,Гірне
geonames:708399	Hornostaypil	51.06899	30.25149	PPL	1033	Hоrnоstаipіl,Гарнастайпіль,Горностайполь,Горностайпіль
geonames:708403	Hornostayivka	47.01171	33.72987	PPLA2	6541	Горностаевка,Горностаївка
geonames:708405	Gornostayevka	45.27819	36.18601	PPLA3	2132	Аккоз,Горностаевка,Горностаївка,Мариенталь
geonames:708430	Horishni Sherivtsi	48.39763	25.94782	PPLA3	2793	Горишни Шеривци,Горішні Шерівці
geonames:708434	Horinchovo	48.26958	23.4339	PPLA3	2959	Горінчово
geonames:708439	Kyrylivka	46.37179	35.3701	PPL	3464	Горіле,Кирилловка,Кирилівка,Степок
geonames:708501	Honcharivske	51.29892	30.91984	PPLA3	3289	Гончарівське
geonames:708519	Holiatyn	48.6396	23.4271	PPL	1300	Голятин
geonames:708545	Holubyne	48.56937	22.97183	PPL	2781	Голубине,Голубиное
geonames:708546	Golubinka	44.59382	33.91521	PPLA3	1433	Голубинка,Фоти-Сала
geonames:708557	Holovne	51.3366	24.07936	PPLA3	3155	Головне,Головно
geonames:708561	Holovkivka	48.57619	33.07116	PPL	2217	Hоlоvkіvkа,Головковка,Головківка
geonames:708569	Holovyne	50.47118	28.8253	PPL	1785	Галавынэ,Головине,Головино
geonames:708585	Holovanivsk	48.3874	30.45947	PPLA2	5857	Голованевск,Голованівськ
geonames:708613	Holoby	51.08798	25.00882	PPLA3	4203	Галобы,Голоби,Голобы
geonames:708614	Holmivskyi	48.40394	38.08203	PPL	6750	Гольмовский,Гольмівський
geonames:708616	Holma	47.92886	29.84923	PPL	1635	Гольма
geonames:708619	Holytsya	45.74881	28.98614	PPL	1506	Голица,Голиця
geonames:708632	Hola Prystan	46.52973	32.52408	PPL	13544	Гола Пристань,Голая Пристань
geonames:708633	Zelenyy Hay	48.2251	26.21241	PPL	1891	Зелений Гай,Зелёный Гай
geonames:708636	Hoholeve	49.92113	33.82236	PPL	2503	Гоголеве,Гоголево,Гоголь
geonames:708638	Hoholiv	50.51864	31.02241	PPL	4357	Гоголев,Гоголів
geonames:708657	Hodynivka	48.18333	26.13333	PPL	1261	Годинівка,Годыновка
geonames:708663	Hnivan	49.0939	28.33785	PPLA3	12191	Гнивань,Гнівань
geonames:708691	Hnizdychne	49.80708	25.64503	PPL	1146	Гніздичне,Гніздично
geonames:708693	Hnizdychiv	49.33806	24.10664	PPLA3	3983	Гнездычев,Гніздичів
geonames:708695	Hnidyn	50.32571	30.71474	PPLA3	5400	Hnіdyn,Гнедин,Гнідин,Гнідын
geonames:708717	Hlukhivtsi	49.77149	28.72976	PPL	3277	Глуховцы,Глухівці
geonames:708725	Hlyboke	45.73036	29.60853	PPL	1232	Глибоке,Глубокое
geonames:708730	Hlybokyi Potik	48.05774	23.89592	PPL	5531	Глибокий Потик,Глибокий Потік
geonames:708741	Hlybochytsya	50.27985	28.77789	PPL	2726	Глибочиця
geonames:708750	Hlodosy	48.4586	31.32114	PPLA3	2722	Глодоси,Глодосы
geonames:708753	Hlobyne	49.37894	33.27555	PPL	9349	Глобине,Глобино
geonames:708754	Hlynyany	49.82389	24.51389	PPLA3	3372	Глиняни
geonames:708765	Hlynsk	48.95484	32.90101	PPL	1654	Глинск,Глинськ
geonames:708767	Hlynne	51.52638	27.41285	PPL	3215	Глинне,Глинное
geonames:708778	Hlynytsya	48.33406	25.70507	PPL	1641	Глиница,Глиниця
geonames:708784	Hlevakha	50.2743	30.32531	PPLA3	8742	Глеваха
geonames:708797	Glazovka	45.38792	36.57965	PPLA3	1018	Баксы,Глазовка,Глазівка
geonames:708799	Hlavani	45.84468	29.19499	PPL	2510	Главан,Главани,Главані
geonames:708803	Hladkivshchyna	49.76827	31.74153	PPL	1065	Гладковщина,Гладківщина
geonames:708805	Hladkivka	46.41114	32.6405	PPL	2912	Гладковка,Гладківка
geonames:708815	Hirsivka	46.64036	35.39459	PPL	1313	Гирсовка,Гірсівка
geonames:708819	Hyriavi Iskivtsi	50.42631	33.3105	PPL	1040	Гиряви Искивци,Гиряві Ісківці
geonames:708839	Hertsa	48.14752	26.26186	PPL	2118	Герца
geonames:708863	Heorhiivka	48.42278	39.25278	PPL	6287	Георгиевка,Георгіївка
geonames:708878	Henichesk	46.16824	34.80861	PPLA2	19501	Геническ,Геніч,Генічеськ,Дженіче,Еніче
geonames:708889	Hecha	48.1403	22.6569	PPL	1030	Геча
geonames:708898	Hayvoron	48.34323	29.86592	PPLA2	14523	Гайваран,Гайворан,Гайворон,Гайворонське поселення,Струньків,Струньківский Ташлик
geonames:708901	Haysyn	48.81294	29.37917	PPLA2	25735	Гайсин
geonames:708951	Hat	48.32149	22.63812	PPL	3122	Гать
geonames:708953	Haspra	44.43633	34.1125	PPL	10310	Гаспрæ,Гаспра
geonames:708966	Harkushyntsi	49.93211	33.57207	PPL	1402	Гаркушинци,Гаркушинці
geonames:708976	Hut	48.31077	22.58541	PPL	1353	Гут
geonames:708994	Hanychi	48.127	23.821	PPL	4986	Ганичи,Ганичі
geonames:708995	Handrabury	47.71728	29.86808	PPL	2477	Гандрабури
geonames:709004	Novohorivka	47.3687	35.5487	PPL	1295	Новогоровка,Новогорівка
geonames:709022	Halytsynove	46.80045	31.95125	PPL	2196	Галицинове,Галицыново
geonames:709034	Halych	49.12374	24.72748	PPLA2	6086	Галич,Галіч
geonames:709054	Hadyach	50.36912	33.997	PPLA2	23480	Гадяч
geonames:709060	Fursy	49.8004	30.00065	PPLA3	4230	Фурси,Фурсы
geonames:709063	Furmanivka	45.63562	29.2349	PPL	1468	Furmаnіvkа,Орман,Фурманка,Фурмановка,Фурманівка,Фурманіўка
geonames:709071	Zakharivka	47.33134	29.754	PPL	5142	Захаровка,Захарыўка,Захарьевка,Захарівка,Фрунзивка,Фрунзовка,Фрунзівка
geonames:709074	Shtormovoye	45.26717	33.08693	PPLA3	1124	Вознесеновка,Фрунзевка,Штормове,Штормовое
geonames:709075	Partenit	44.578	34.34464	PPL	6193	Партенит,Партеніт,Партэніт
geonames:709080	Ahaymany	46.66932	34.24449	PPL	1698	Агаймани,Фрунзе
geonames:709081	Azovske	46.26439	34.86368	PPL	2263	Азовське,Фрунзе
geonames:709082	Frunze	45.02688	33.62956	PPLA3	3051	Фрунзе
geonames:709085	Frontovoye	44.66737	33.73841	PPL	1006	Отаркой,Фронтове,Фронтовое
geonames:709112	Foros	44.39312	33.78816	PPL	1844	Форос
geonames:709113	Fornosh	48.36122	22.74147	PPL	1455	Форнош
geonames:709114	Fontanka	46.56864	30.85916	PPLA3	6260	Фонтанка
geonames:709161	Feodosiya	45.03199	35.38153	PPLA2	68562	Теодосія,Феодосия,Феодосія
geonames:709164	Fenevychi	50.85347	30.07082	PPL	1350	Феневичи,Феневичі
geonames:709195	Fedorivka	49.38806	35.12127	PPL	1592	Федеровка,Федорівка
geonames:709247	Fastivets	50.0599	30.03991	PPL	1024	Фастовец,Фастівец,Фастівець
geonames:709248	Fastiv	50.07796	29.91963	PPLA2	44014	Фастив,Фастов,Фастів
geonames:709254	Fashchivka	48.27392	38.62058	PPL	4613	Фащевка,Фащівка
geonames:709258	Faraonivka	46.32225	29.62037	PPL	1890	Фараоновка,Фараонівка
geonames:709260	Fanchykovo	48.11373	22.9445	PPL	2350	Фанчиково
geonames:709262	Fabrychne	48.47942	39.32318	PPL	1507	Фабричне
geonames:709270	Eskhar	49.79736	36.59025	PPL	5349	Есхар,Эсхар
geonames:709275	Buran	48.30003	39.61526	PPL	1023	Буран,Енгельсове
geonames:709276	Enerhodar	47.49048	34.66199	PPL	52887	Енергодар,Энергодар,Энэргадар
geonames:709295	Zvenyhorod	49.73626	24.24904	PPL	1200	Звенигород
geonames:709311	Mirnovka	45.69083	34.30966	PPLA3	1259	Джургун,Мирновка,Мирнівка
geonames:709334	Dzhankoy	45.7131	34.39273	PPLA2	41731	Џанкој,Джанкой
geonames:709352	Lyubymivka	48.04638	39.43855	PPL	8599	Дзержинський,Любимівка
geonames:709353	Romaniv	50.14733	27.9314	PPLA3	7318	Романов,Романів
geonames:709354	Toretsk	48.39477	37.8478	PPL	30914	Дзержинск,Дзержинськ,Торецк,Торецьк
geonames:709366	Demnya	49.56738	23.94607	PPL	1602	Демня,Дымовка
geonames:709368	Dymka	48.09363	25.96784	PPL	1855	Димка,Дымка
geonames:709373	Dymer	50.78579	30.30357	PPLA3	5624	Димер,Дымер
geonames:709386	Nevetlenfolu	48.01667	23	PPL	1632	Неветленфолу
geonames:709392	Dyadkovychi	50.60649	26.05016	PPLA3	1298	Дядьковичи,Дядьковичі
geonames:709399	Dvorichna	49.85099	37.68482	PPLA3	3290	Дварычна,Дворічна,Двуречная,Двурична
geonames:709412	Dusyno	48.51136	23.10419	PPL	1672	Дусина,Дусино
geonames:709428	Dunayivtsi	49.02121	26.84084	PPL	2417	Дунаевцы,Дунаївці
geonames:709429	Dunayivtsi	48.88697	26.84816	PPL	15707	Дунаевцы,Дунаївці
geonames:709450	Duliby	49.23245	23.81928	PPLA3	3533	Дуліби
geonames:709465	Dudchany	47.18557	33.7639	PPL	2102	Dudtsаny,Дудчани,Дудчаны
geonames:709466	Dudarkiv	50.44503	30.94938	PPL	3081	Дударков,Дударків
geonames:709472	Dibrivsk	51.68979	26.14564	PPL	1680	Дибривськ,Дібрівськ
geonames:709489	Dubrivka	48.30273	23.08699	PPL	1131	Дубровка,Дубрівка,Дібрівка
geonames:709493	Dubrovytsya	51.57076	26.56369	PPLA3	9343	Домбровица,Дубровица,Дубровиця
geonames:709503	Dubrynychi	48.80235	22.49345	PPLA3	2154	Дубринич,Дубриничи,Дубриничі
geonames:709505	Nyzhnia Apsha	48.00365	23.83286	PPL	7227	Нижня Апша,Нижняя Апша
geonames:709513	Dubivtsi	48.35422	25.71385	PPL	1232	Дубовцы,Дубівці
geonames:709516	Dubove	48.17473	23.88693	PPL	9938	Дубавэ,Дубове,Дубови,Дубовое
geonames:709540	Dubno	50.40752	25.7624	PPLA2	37257	Дубно
geonames:709546	Dubliany	49.90411	24.08637	PPL	9793	Дубляни
geonames:709547	Dubliany	49.50335	23.39889	PPL	2086	Дубляни
geonames:709559	Kalynivka	46.92208	31.53046	PPL	1033	Калиновка,Калинівка
geonames:709569	Duba	48.84722	24.15637	PPLA3	1150	Дуба,Дуба (Ивано-Франковская Область)
geonames:709584	Khutir-Mykhaylivskyi	52.04769	33.94534	PPL	5220	Дружба,Хутир-Михајливски,Хутор-Михайловский,Хутір-Михайлівський,Хуцір-Мыхайліўскі
geonames:709587	Trybukhivtsi	49.04601	25.44693	PPLA3	1586	Trybuh’іvtsі,Дружба,Трибуховцы,Трибухівці
geonames:709611	Drohobych	49.35196	23.51121	PPLA2	73682	Дрогобич,Дрогобыч
geonames:709614	Drobysheve	49.0416	37.72962	PPLA3	3635	Дробышево
geonames:709616	Dertsen	48.33647	22.68258	PPL	2793	Дерцен
geonames:709630	Drahovo	48.23519	23.55183	PPLA3	4262	Драгово
geonames:709636	Drachyntsi	48.31649	25.70064	PPL	2324	Драчинцы,Драчинці
geonames:709643	Drabiv	49.95891	32.15028	PPL	6358	Драбов,Драбів,Драбіў
geonames:709644	Drabynivka	49.26867	34.60396	PPLA3	1174	Драбиновка,Драбинівка
geonames:709665	Dovbysh	50.37131	27.9883	PPLA3	4147	Довбиш,Довбыш,Доўбыш
geonames:709684	Doroshivka	47.47765	31.46322	PPLA3	2083	Дорошівка
geonames:709690	Doroshivtsi	48.59023	25.88633	PPL	1534	Дорошовцы,Дорошівці
geonames:709700	Dorobratovo	48.35336	22.90329	PPL	1769	Доробратове,Доробратово
geonames:709701	Yaremche	48.44886	24.55335	PPL	8094	Яремча,Яремче
geonames:709704	Donske	47.51359	37.53734	PPL	5362	Донское,Донське,Жданівбуд
geonames:709713	Donetskyi	48.6996	38.67627	PPL	3509	Донецкий,Донецький
geonames:709717	Donetsk	48.023	37.80224	PPLA	901645	Город миллиона роз,Данецк,Донбас-сіті,Донецк,Донецк ош,Донецьк,Донецьке,Доњецк,Дінецьк,Дінецьке,Калгород,Калок,Місто мільйона троянд,Олександрівка,Солов'яненкове,Сталино,Сталіне,Сталіно,Шахтарська столиця,Юзове,Юзовка,Юзів,Юзівка
geonames:709737	Domantove	49.67342	31.91402	PPL	2245	Домантове
geonames:709740	Domanivka	47.62865	30.98648	PPL	5972	Даманіўка,Доманевка,Доманивка,Доманёвка,Доманівка
geonames:709746	Dovzhok	48.34201	26.33066	PPL	1023	Довжок,Должок
geonames:709755	Dolyna	48.97158	23.96558	PPL	20417	Далына,Долина
geonames:709765	Dolmativka	46.21462	32.46548	PPLA3	1390	Долматовка,Долматівка
geonames:709776	Dolynske	47.52914	29.92885	PPLA3	4036	Долинське
geonames:709778	Dolyns’ke	45.46878	28.32553	PPL	2705	Dolyns'ke,Анадолка,Долинское,Долинське
geonames:709782	Dolynska	48.11725	32.77691	PPL	25362	Долинская,Долинська
geonames:709789	Dolinnoye	44.7532	33.77766	PPLA3	1551	Долинне,Долинное,Топчикой
geonames:709792	Dolynyany	48.40715	26.42984	PPL	1383	Долиняни,Долиняны
geonames:709808	Dovhe	48.36651	23.28107	PPLA3	6541	Довге
geonames:709835	Dokuchayevsk	47.7522	37.67761	PPL	22835	Докучаевск,Докучаєвськ,Оленівські кар'єри
geonames:709855	Dobrianske	48.06601	23.71474	PPL	2714	Добрянское,Добрянське
geonames:709856	Dobrianka	52.06238	31.18264	PPLA3	3250	Дабранка,Добровеличківка,Добрянка
geonames:709862	Dobrushino	45.37441	33.36547	PPLA3	1213	Добрушине,Добрушино
geonames:709866	Dobre	51.69179	24.78415	PPL	1339	Добре
geonames:709868	Dobre	47.31032	32.44936	PPL	1727	Добре,Доброе,Колонія Добра
geonames:709869	Dobroye	44.86632	34.22661	PPLA3	2976	Добрoе,Добре,Мамут-Султан
geonames:709881	Dobrivliany	49.4408	23.56673	PPL	1105	Добровляны,Добрівляни
geonames:709888	Dobrovelychkivka	48.38939	31.18039	PPLA2	5575	Добровеличковка,Добровеличківка,Ревуцкое,Ревуцьке
geonames:709892	Dobrotvir	50.20526	24.3835	PPLA3	6381	Дабратвір,Добротвир,Добротвор,Добротвір
geonames:709897	Bene	48.16656	22.75723	PPL	1409	Бене
geonames:709900	Dobropillya	48.46674	37.08567	PPLA3	28170	Доброполье,Добропілля
geonames:709901	Dobropillia	48.42115	37.04866	PPL	1084	Добропілля
geonames:709903	Dobropillia	46.23495	32.58121	PPL	1062	Добропілля
geonames:709906	Dobrynivtsi	48.48305	26.01971	PPL	1528	Добринівці,Добрыновцы
geonames:709909	Dobromyl	49.57186	22.7854	PPLA3	4537	Добромиль
geonames:709916	Dobrooleksandrivka	46.33747	30.48784	PPL	1886	Доброалександровка,Доброолександрівка
geonames:709930	Dnipro	48.46664	35.04066	PPLA	968502	Днепр,Днепропетровск,Днипро,Дніпро,Дніпропетровськ,Дніпрослав,Днїпро,Дњипро,Екатеринослав,Катеринослав,Новий Кодак,Січослав
geonames:709932	Kamyanske	48.51716	34.60617	PPLA2	226845	Дніпродзержинськ,Кам'янське,Каменское
geonames:709937	Dnistrivka	48.53673	26.9268	PPL	1208	Днестровка,Дністрівка
geonames:709940	Dnipryany	46.74849	33.26632	PPL	4172	Британи,Днепряны,Дніпряни
geonames:709943	Dniprovske	48.59042	34.41394	PPL	5554	Днепровское,Дніпровське
geonames:709954	Dniprovka	47.42844	34.61824	PPL	3873	Днепровка,Дніпровка
geonames:709960	Dniprorudne	47.38993	35.00065	PPL	17736	Днепрорудное,Дніпроград,Дніпрорудне
geonames:709976	Dmytrivka	49.67173	31.85271	PPL	1391	Дмитровка,Дмитрівка
geonames:709981	Dmytrivka	49.10972	33.61042	PPL	1588	Дмитровка,Дмитрівка
geonames:709983	Dmytrivka	48.78719	32.71848	PPLA3	4070	Дмитровка,Дмитрівка
geonames:709992	Dmytrivka	46.63185	31.73879	PPL	1193	Дмитровка,Дмитрівка
geonames:709993	Delzhyler	45.83973	29.48718	PPL	4071	Делжилер,Дельжилер,Дмитрівка
geonames:709994	Dmytrivka	45.64193	29.37223	PPL	3144	Дмитровка,Дмитрівка
geonames:710007	Dmytrivka	47.93611	38.93661	PPL	3170	Dmytrіvkа,Дмитровка,Дмитрівка
geonames:710024	Dyviziya	45.94382	29.96516	PPL	2078	Деведжи,Дивизия,Дивізія
geonames:710031	Dynivtsy	48.31773	26.29448	PPL	3193	Диновцы,Динівці
geonames:710032	Oleksandriyske	48.60444	32.98851	PPL	4718	Александрийское,Димитрове,Димитрово,Олександрійське
geonames:710033	Dmytrivka	45.96904	28.98849	PPL	4806	Dmytrіvkа,Димитровка,Дмитровка,Дмитрівка,Дмытрыўка
geonames:710035	Myrnohrad	48.3099	37.26513	PPL	46098	Димитров,Мирноград,Мірнаград
geonames:710037	Dykivka	48.77922	32.84576	PPL	1615	Диковка,Диківка
geonames:710039	Dykhtynets	48.05913	25.04375	PPL	1003	Дихтинец,Дихтинець
geonames:710041	Dykanka	49.82586	34.522	PPLA2	7662	Диканька
geonames:710071	Desna	50.92744	30.76678	PPLA3	6906	Десна
geonames:710074	Desantne	45.57422	29.53961	PPL	1816	Десантне
geonames:710098	Derhachi	50.10789	36.1209	PPLA3	17139	Дергачи,Дергачі
geonames:710122	Shom	48.28849	22.43719	PPL	1091	Шом
geonames:710123	Valya Kuzmyna	48.18459	26.01781	PPL	1864	Валя Кузьмина
geonames:710129	Derazhnya	49.26915	27.42909	PPLA2	9772	Деражня
geonames:710140	Raukhivka	47.16667	30.81771	PPL	2711	Рауховка,Раухівка
geonames:710146	Denhy	49.60416	32.16077	PPL	1326	Деньги
geonames:710182	Demydove	47.26454	30.67488	PPL	1029	Демидове,Демидово
geonames:710183	Demydivka	50.42785	25.33565	PPLA3	2474	Демидовка,Демидівка
geonames:710202	Delyatyn	48.5248	24.62566	PPL	8276	Делятин,Дэлятын,Ділятин
geonames:710203	Dilove	47.93563	24.17129	PPL	3400	Дилове,Ділове
geonames:710207	Delen	45.91525	29.19656	PPL	2056	Давлет-Агач,Девлетагач,Делень
geonames:710214	Dihtiari	50.58264	32.77012	PPL	1289	Дегтяри,Дігтярі
geonames:710219	Dyida	48.21818	22.57206	PPL	2013	Дийда
geonames:710229	Debaltseve	48.33592	38.40261	PPLA3	24209	Дебальцеве,Дебальцево
geonames:710237	Davydiv Brid	47.23925	33.19094	PPL	1223	Давидів Брід,Давыдов Брод
geonames:710243	Davydivka	48.13802	25.54683	PPL	3344	Давидівка,Давыдовка
geonames:710245	Davydiv	49.74688	24.13927	PPLA3	5193	Давидов,Давидів
geonames:710250	Davydivtsi	48.48756	25.70811	PPL	1107	Давидівці,Давыдовцы
geonames:710260	Dashiv	49.00351	29.43971	PPL	3852	Дашев,Дашыў,Дашів
geonames:710264	Dashava	49.26479	24.01688	PPL	2366	Дашава
geonames:710280	Chotnyy Potik	48.55735	26.03535	PPL	1000	Чорний Потік,Чёрный Поток
geonames:710283	Dankivtsi	48.42764	26.51137	PPL	1000	Данковцы,Данківці
geonames:710286	Danylovo	48.14722	23.45559	PPL	1851	Данилово
geonames:710317	Dalnyk	46.22569	30.52982	PPLA3	1241	Дальник
geonames:710334	Dachne	44.88448	34.98333	PPL	2628	Дачне,Дачное,Малый Таракташ,Таракташ
geonames:710342	Chutove	49.71414	35.15747	PPLA2	6079	Чутове,Чутово
geonames:710344	Chutivka	49.70037	32.68637	PPL	1118	Чутовка,Чутівка
geonames:710368	Chulakivka	46.35857	32.35093	PPLA3	2938	Tsulаkіvkа,Чулаковка,Чулаківка
geonames:710374	Chuhuyiv	49.83538	36.6865	PPLA2	36519	Чугуев,Чугуіў,Чугуїв
geonames:710376	Chuhynka	48.92192	39.66675	PPL	1720	Чугинка
geonames:710381	Chudniv	50.05251	28.1206	PPLA3	5448	Чуднов,Чуднів
geonames:710397	Fedorivka	47.54693	36.54788	PPLA3	2214	Федорівка,Чубаревка,Чубарівка
geonames:710400	Chortkiv	49.01701	25.79808	PPLA2	28393	Чорткив,Чортков,Чортків
geonames:710408	Chopovychi	50.82969	28.95482	PPLA3	1770	Чаповычы,Чоповичи,Чоповичі
geonames:710409	Chop	48.4316	22.20446	PPL	8626	Чоп
geonames:710415	Chomonyn	48.40189	22.46082	PPL	2265	Чомонин
geonames:710418	Krasne	45.13999	34.09452	PPL	1034	Красне,Красное,Чалгары
geonames:710426	Chmyrivka	49.28976	38.94061	PPLA3	4293	Чмирівка,Чмыревка
geonames:710429	Prolisne	49.7158	36.9302	PPLA3	3664	Пролесное,Пролісне,Чкаловское,Чкаловське
geonames:710430	Chkalovo	45.60474	34.83395	PPLA3	1098	Чкалове,Чкалово
geonames:710433	Havrylivka	47.07117	34.70785	PPLA3	1086	Гаврилівка,Чкалове,Чкалово
geonames:710449	Chistopolye	45.36541	36.18312	PPLA3	1706	Дере-Салын,Чистополье,Чистопілля
geonames:710452	Chystyliv	49.6095	25.56602	PPL	1091	Чистилов,Чистилів
geonames:710454	Chisten’koye	44.88152	34.04716	PPLA3	5126	Chisten'koye,Аджи-Кал,Чистеньке,Чистенькое
geonames:710457	Chyshky	49.99128	24.94599	PPL	2426	Чишки,Чішки
geonames:710460	Chunkiv	48.59251	25.81858	PPL	1414	Чуньков,Чуньків
geonames:710463	Chynadiyovo	48.48666	22.83368	PPL	6762	Чинадиево,Чинадьово,Чинадійово,Чынадзіева
geonames:710473	Chyhyryn	49.08045	32.66082	PPL	8664	Чигирин
geonames:710486	Chetvertynivka	48.58966	29.28583	PPL	1394	Четвертиновка,Четвертинівка
geonames:710514	Oskil	49.17654	37.42412	PPLA3	3217	Оскіл,Червоний Оскіл,Червоный Оскол
geonames:710523	Donets	49.50762	36.56595	PPLA3	8893	Донец,Донець,Червоний Донець,Червоный Донец
geonames:710525	Preobrazhenka	46.18764	33.59877	PPL	1792	Преображенка,Червоний Чабан
geonames:710531	Znamyanka	47.01667	30.29485	PPL	4134	Знамянка,Знам’янка,Червонознам’янка
geonames:710532	Zavodske	50.40065	33.40118	PPL	7832	Заводское,Заводське,Сталінка,Червонозаводское,Червонозаводське
geonames:710534	Esman	51.76966	34.06517	PPLA3	1800	Єсмань,Есмань,Червоне
geonames:710536	Stare Selo	50.826	34.80934	PPL	2079	Stаrе Sеlо,Старе Село,Стари Село,Старэ Сэло,Червоне,Червоное
geonames:710538	Chervone	49.96201	28.87094	PPLA3	2763	Червоне,Червони,Червоное,Чэрвонэ
geonames:710539	Halytske	49.80506	24.76695	PPL	1738	Велике Ляцьке,Галицкое,Галицьке,Червоне
geonames:710548	Voznesenivka	48.078	39.78705	PPL	15218	Вознесенівка,Червонопартизанск,Червонопартизанськ
geonames:710550	Krynychanske	48.59103	38.75251	PPL	1328	Криничанське,Червоногвардійське
geonames:710552	Chervonohryhorivka	47.61906	34.53778	PPL	6270	Красногригорівка,Червоногригоровка,Червоногригорівка,Чернишовка
geonames:710554	Sheptytskyi	50.39403	24.23935	PPLA2	64297	Червоноград,Шептицкий,Шептицький
geonames:710556	Pulyny	50.46745	28.27	PPLA3	5141	Пулини,Пулины,Пулыны,Червоноармейск,Червоноармійськ
geonames:710560	Kubey	45.79131	28.74455	PPL	6544	Кубей,Червоноармійське
geonames:710565	Radyvyliv	50.13041	25.25181	PPLA3	10427	Радивилов,Радивилів
geonames:710583	Nova Znamianka	49.15458	33.40691	PPL	2379	Нова Знам’янка,Червона Знам’янка
geonames:710587	Sloboda	49.37281	32.15742	PPL	9333	Секава,Слобода,Цесарская Слобода,Цесарська Слобода,Червона Слобода,Червоная Слобода
geonames:710589	Chervona Kamianka	48.64814	33.44581	PPL	1815	Червона Кам’янка,Червоная Каменка
geonames:710607	Chervenovo	48.46949	22.52999	PPL	1951	Червеневе,Червеньово
geonames:710615	Chortomlyk	47.62424	34.14129	PPL	1332	Чартамлык,Чертомлык,Чортомлик
geonames:710625	Chornyi Potik	48.40301	22.99684	PPL	1013	Чорний Потік
geonames:710626	Chornyi Potik	48.18285	22.90191	PPL	1074	Чорний Потик,Чорний Потік
geonames:710652	Cherniatyn	48.66034	25.44832	PPL	3046	Чернятин
geonames:710653	Chornianka	46.65175	33.35964	PPL	3363	Чернянка,Чорнянка
geonames:710660	Chernyakhivka	50.21882	31.93082	PPL	1002	Черняховка
geonames:710663	Cherniakhiv	50.45412	28.66717	PPLA3	9214	Черняхов,Черняхів
geonames:710668	Chornukhyne	48.32281	38.51744	PPL	5703	Чернухино,Чорнухине
geonames:710669	Chornukhy	50.26817	32.93602	PPL	2491	Чарнухі,Чернухи,Чорнухи,Чорнухы
geonames:710678	Chornotysiv	48.07703	23.05402	PPL	2232	Чорнотисов,Чорнотисів
geonames:710681	Chornorudka	49.8428	29.06143	PPL	1005	Чернорудка,Чорнорудка
geonames:710684	Chernopolye	45.04399	34.63916	PPLA3	1251	Карачёль,Чернополье,Чорнопілля
geonames:710687	Chornomorske	45.50657	32.69776	PPL	11039	Черноморское,Чорноморське
geonames:710694	Chornomorka	46.64041	31.49785	PPLA3	2564	Чорноморка
geonames:710698	Chornoliztsi	48.83221	24.89883	PPL	2965	Чорнолізці
geonames:710703	Chornohuzy	48.27125	25.22889	PPL	2804	Чорногузи
geonames:710707	Chornoholova	48.84978	22.6033	PPL	1348	Чорноголова
geonames:710715	Chornobaivka	46.69641	32.54507	PPLA3	8954	Tsоrnоbаjivkа,Txornobaїvka,Чарнабаіўка,Чернобаевкæ,Чернобаевка,Чорнобаївка,Чорнобајивка
geonames:710716	Chornobay	49.67074	32.3236	PPL	7162	Чернобай,Чорнобай
geonames:710718	Cherniiv	48.85589	24.71557	PPL	3801	Черніїв
geonames:710719	Chernivtsi	48.29045	25.93241	PPLA	264298	Чарнаўцы,Чернивци,Черновци,Черновцы,Чернівці,Чернівцї
geonames:710735	Chernihiv	51.50541	31.28656	PPLA	282747	Чарнігаў,Чернигов,Чернігів,Чернїгів
geonames:710739	Chernihivka	47.19451	36.21648	PPL	5813	Черниговка,Чернігівка
geonames:710741	Chernivtsi	48.54104	28.12465	PPL	2672	Tsеrnіvtsі,Черневцы,Черновцы,Чернівці,Чэрніўці
geonames:710746	Chernechchyna	50.30412	34.80884	PPLA3	1746	Tsеrnеtstsynа,Чернетчина,Чернеччина,Чэрнэччына
geonames:710748	Chernechchyna	49.12239	34.76914	PPLA3	1077	Чернетчина,Чернеччина
geonames:710755	Chernelytsia	48.81302	25.42682	PPL	1533	Чернелиця
geonames:710760	Cherneche	48.0654	29.59287	PPL	1002	Чернече
geonames:710764	Chorna Tysa	48.30672	24.33376	PPL	2746	Чорна Тиса
geonames:710776	Cherna	48.13786	23.19312	PPL	2131	Черна
geonames:710778	Chornivka	48.41751	26.01216	PPL	2364	Черновка,Чорнівка
geonames:710782	Chorna	47.61999	29.33845	PPL	2157	Чорна
geonames:710785	Cherlenivka	48.29284	26.40255	PPL	2236	Черленовка,Черленівка
geonames:710791	Cherkasy	49.44452	32.05738	PPLA	269836	Чаркасы,Черкас хот,Черкаси,Черкасси,Черкассы,Черкасы
geonames:710793	Cherkaske	48.83402	37.38914	PPLA3	3851	Черкасское,Черкаське
geonames:710794	Cherkaske	48.70594	35.37868	PPL	4116	Черкасское,Черкаське
geonames:710798	Cherkaska Lozova	50.10954	36.22102	PPL	4186	Черкаська Лозова
geonames:710815	Chereshenka	48.21901	25.27199	PPL	1084	Черешенька
geonames:710816	Cheresh	48.09735	25.61543	PPL	1374	Череш
geonames:710820	Cherepkivtsi	48.01557	25.9643	PPL	9376	Черепкивци,Черепківці
geonames:710843	Cherche	51.73964	24.87566	PPL	1705	Черче
geonames:710846	Cheponosy	48.48428	26.35383	PPL	1441	Чепоноси,Чепоносы
geonames:710858	Chepa	48.07059	23.01886	PPL	1803	Чепа
geonames:710864	Chemerivtsi	49.00914	26.34002	PPL	5200	Чемеровцы,Чемерівці
geonames:710867	Tytarenkove	48.43193	39.19788	PPL	1103	Титаренкове,Челюскінець
geonames:710892	Chechelnyk	48.21558	29.36469	PPL	4978	Чечельник,Чэчэльнык
geonames:710894	Checheleve	49.01661	33.39437	PPL	1958	Чечелеве
geonames:710904	Chaykino	45.81111	34.59538	PPLA3	1011	Малый Тархан,Чайкине,Чайкино
geonames:710905	Chaykyne	45.08223	34.08673	PPL	1051	Чайкине,Чайкино,Чуйке
geonames:710915	Chasiv Yar	48.58768	37.83409	PPLA3	12250	Часов Яр,Часів Яр
geonames:710932	Chaplyne	48.12827	36.23007	PPL	2905	Чаплине
geonames:710935	Chaplynka	46.36454	33.54087	PPL	9687	Чаплинкæ,Чаплинка,Чаплынка
geonames:710938	Petrivka	49.74256	34.98442	PPL	1584	Петровка,Петрівка,Чапаєве
geonames:710940	Slobozhanske	49.36693	35.86944	PPL	2800	Слобожанське,Чапаево,Чапаэве,Чапаєве
geonames:710946	Blahodatne	49.55604	32.09772	PPL	3331	Благодатне,Чапаевка,Чапаєвка
geonames:710947	Kalynove	49.38036	30.44139	PPL	3042	Жидовская Гребля,Жидівська Гребля,Затонское,Затонське,Калинове,Калиновое,Чапаевка,Чапаєвка
geonames:710949	Viitivka	48.42257	29.54497	PPL	4434	Війтівка
geonames:710950	Voskresenka	47.46503	36.35868	PPLA3	3502	Vоskrеsеnkа,Воскресенка,Чапаевка,Чапаэвка,Чапаєвка
geonames:710958	Chahor	48.2433	25.99392	PPL	8564	Чагор
geonames:710981	Bytkiv	48.63092	24.47118	PPL	4354	Битків,Бытков
geonames:710994	Bystrytsia	48.46885	22.83313	PPL	1086	Бистриця
geonames:710995	Bystrytsia	48.45979	24.246	PPL	1016	Бистриця,Быстрица
geonames:711014	Byrlivka	50.08402	32.07545	PPL	1730	Бирловка,Бирлівка
geonames:711016	Bylbasivka	48.83929	37.50185	PPL	5807	Билбасівка,Былбасовка
geonames:711023	Chernyshevo	45.78202	33.42825	PPLA3	1866	Огуз-Оглу,Чернишове,Чернышево
geonames:711024	Bykivka	50.29285	27.98314	PPL	1911	Биківка
geonames:711027	Bykhiv	51.75361	25.28245	PPL	1172	Бихов,Бихів
geonames:711054	Buzovytsya	48.49859	26.93221	PPL	1642	Бузовица,Бузовиця
geonames:711057	Buzinove	46.98762	30.48569	PPL	1077	Бузинове
geonames:711068	Buzhanka	49.23593	30.74468	PPL	1782	Бужанка
geonames:711070	Buzaky	51.6362	24.82473	PPL	1057	Бузаки
geonames:711099	Butenky	49.23365	34.10939	PPL	2292	Бутенки
geonames:711103	Busk	49.96548	24.61227	PPLA3	8355	Буск,Буськ
geonames:711105	Bushtyno	48.0473	23.48576	PPL	8444	Буштино,Буштына,Буштыно
geonames:711116	Buryn	51.19936	33.83338	PPLA3	8359	Буринь,Бурынь
geonames:711130	Dolishniy Shepit	48.00356	25.28075	PPL	1304	Долишний Шепот,Долішній Шепіт
geonames:711134	Burshtyn	49.25193	24.63339	PPL	14737	Бурштин,Бурштын
geonames:711144	Burlacha Balka	46.33984	30.66446	PPL	1063	Бурлача Балка,Бурлачья Балка
geonames:711153	Burylove	48.02131	30.3754	PPL	1117	Бурилове,Бурилово
geonames:711165	Burchak	47.37678	35.30929	PPL	1644	Бурчак
geonames:711180	Pozharskoye	44.93554	33.87109	PPLA3	1426	Булганак-Бодрак,Пожарское,Пожарське
geonames:711201	Bukove	48.19044	23.08873	PPL	2154	Букове
geonames:711213	Buky	49.08929	30.40901	PPL	1778	Буки
geonames:711221	Vesnyane	46.97783	31.88733	PPL	1393	Весняне,Весняное
geonames:711225	Bukachivtsi	49.25425	24.49559	PPL	1179	Букачевцы,Букачыўцы,Букачёвцы,Букачівці
geonames:711226	Bouzke	47.60306	31.20768	PPL	2043	Бугское,Бузьке
geonames:711227	Buzke	47.42993	31.99806	PPL	1529	Бугское,Бузьке
geonames:711244	Buhayivka	49.42647	32.93959	PPL	1448	Бугаевка,Бугаївка
geonames:711245	Buhayivka	48.41767	38.85866	PPL	2972	Бугаевка,Бугаївка
geonames:711268	Budy	49.89133	36.02096	PPL	6742	Буди,Буды
geonames:711279	Borove	51.11667	27.3	PPL	1822	Борове,Борівські Будки,Окопи
geonames:711312	Dolynivka	48.3821	29.918	PPL	1053	Будьоннівка,Долинівка,Пеліямпіль,Поліампіль
geonames:711317	Budenets	48.08322	25.64906	PPL	1325	Буденец,Буденець
geonames:711318	Budey	48.05485	29.2772	PPL	1200	Будеи,Будеї
geonames:711337	Buda	48.30839	26.0269	PPL	1452	Буда
geonames:711348	Buchach	49.06234	25.39496	PPL	12171	Бучач
geonames:711350	Bucha	50.54741	30.20879	PPLA2	42279	Буча
geonames:711353	Bubnivska Slobidka	49.70262	31.71032	PPL	1103	Бубновская Слобода,Бубнівська Слобідка
geonames:711359	Bryukhovychi	49.90467	23.95969	PPL	6440	Брюховичи,Брюховичі
geonames:711369	Bryanka	48.511	38.67222	PPL	44760	Брянка
geonames:711382	Brusyliv	50.28226	29.52008	PPLA3	4707	Брусилов,Брусилів
geonames:711390	Brovary	50.51097	30.79106	PPLA2	109806	Бравары,Бровари,Бровары,Броварі
geonames:711395	Brovarky	49.36929	32.97124	PPL	1079	Броварки
geonames:711398	Broska	45.36943	28.78805	PPL	3704	Броска
geonames:711400	Broshniv-Osada	48.99759	24.19417	PPL	5482	Брошнев-Осада,Брошнив-Осада,Брошнів-Осада,Брошніў-Асада
geonames:711403	Bronnytsia	48.40185	27.8912	PPL	1268	Бронниця
geonames:711406	Bronka	48.40861	23.26984	PPL	1812	Бронька
geonames:711416	Brody	50.08854	25.14606	PPLA3	23134	Броди,Броды
geonames:711425	Brodetske	49.75994	28.61807	PPL	2147	Бродецкое,Бродецьке
geonames:711427	Brid	48.34812	23.00487	PPL	2384	Брод,Брід
geonames:711435	Brylivka	46.42025	33.14108	PPL	4252	Брилевка,Бриливка,Брилёвка,Брилівка,Брыліўка
geonames:711459	Bratslav	48.82317	28.93827	PPL	4872	Брацлав,Брацлаў
geonames:711460	Bratske	47.86664	31.57525	PPL	5164	Братское,Братське
geonames:711487	Brayiliv	49.10671	28.16472	PPL	4559	Браилов,Браїлів
geonames:711488	Bohynivka	48.48872	36.35367	PPLA3	1073	Богинівка,Брагиновка,Брагинівка
geonames:711506	Boikivshchyna	49.91035	32.25007	PPL	1580	Байковщина,Бойківщина
geonames:711510	Svyato-Pokrovske	47.16531	37.17017	PPL	1077	Бойове,Свято-Покровське
geonames:711515	Boyarka	50.31911	30.29728	PPL	34394	Боярка
geonames:711518	Boiany	48.265	26.12577	PPLA3	4742	Bоjany,Баяны,Бояни,Бояны
geonames:711520	Boianchuk	48.49033	25.95393	PPL	1033	Боянчук
geonames:711525	Botiieve	46.68214	35.8379	PPL	1615	Ботиеве,Ботієве,Дермендере-1,Улькон-Сасик-Тогун,Цареводарівка
geonames:711527	Nikita	44.51335	34.23517	PPL	2257	Никита,Нікіта
geonames:711536	Borzna	51.25343	32.4269	PPLA3	9454	Борзна
geonames:711538	Borzhavske	48.25556	23.03167	PPL	2909	Боржавское,Боржавське
geonames:711562	Bortnychi	50.38489	30.69542	PPL	15500	Бортничи,Бортничі
geonames:711585	Borshchivka	49.50286	36.9705	PPL	3139	Борщовка,Борщівка
geonames:711587	Borshchiv	48.80319	26.03171	PPL	10632	Борщёв,Борщів
geonames:711595	Borivtsi	48.58529	25.63979	PPL	1601	Боровцы,Борівці
geonames:711597	Borivske	48.86863	38.567	PPL	5692	Боровское,Боровський городок,Борівське
geonames:711621	Borova	50.17625	30.10429	PPL	7241	Борова,Боровая
geonames:711623	Borova	49.38047	37.61931	PPLA3	5174	Борова,Боровая
geonames:711627	Boroniava	48.1575	23.39014	PPL	3508	Боронява
geonames:711629	Boromlia	50.61962	34.96736	PPLA3	4070	Bоrоmlja,Баромля,Боромля
geonames:711635	Borodianka	50.64306	29.92329	PPLA3	13832	Барадзянка,Бородянка
geonames:711637	Budzhak	46.30239	29.23965	PPL	1545	Барадзіно,Бородино,Бородіно,Буджак,Буџак
geonames:711648	Birky	51.81018	25.20049	PPL	1599	Бирки,Бірки
geonames:711652	Birky	50.12268	34.1725	PPL	1188	Борки,Бірки
geonames:711655	Birky	49.91667	23.91667	PPL	2694	Бирки,Бірки
geonames:711660	Boryspil	50.35051	30.95263	PPLA2	64117	Борисполь,Бориспіль
geonames:711667	Borysivka	45.79023	29.63849	PPL	1803	Борисовка,Борисівка
geonames:711669	Boryslav	49.28998	23.42889	PPLA3	32473	Борислав
geonames:711672	Borynia	49.06621	23.0146	PPLA3	1377	Бориня
geonames:711745	Velyki Budyshcha	49.85673	34.57789	PPL	1124	Велики Будища,Великі Будища
geonames:711752	Bilshivtsi	49.18176	24.74028	PPL	1938	Бельшовцы,Большовцы,Більшыўцы,Більшівці
geonames:711757	Velyki Prokhody	50.20159	36.33304	PPL	1003	Большие Проходы,Великі Проходи
geonames:711764	Vinnytski Khutory	49.20689	28.55482	PPL	6770	Вінницькі Хутори
geonames:711820	Velyka Balka	46.56141	30.6089	PPL	1212	Велика Балка
geonames:711841	Bolhrad	45.67786	28.61811	PPLA2	15044	Балград,Болград
geonames:711845	Martynivske	47.47077	31.27731	PPL	2654	Мартинівське,Мартыновское
geonames:711850	Bolekhiv	49.06479	23.85953	PPL	10259	Балэхіў,Болехив,Болехов,Болехів
geonames:711866	Bohuslavka	49.47392	37.68368	PPL	1321	Богуславка
geonames:711867	Bohuslav	49.54637	30.87407	PPL	15789	Богуслав
geonames:711887	Bohorodchany	48.80812	24.53728	PPLA2	8222	Богородчани,Богородчаны
geonames:711893	Bohodukhivka	49.747	32.35979	PPL	2521	Богодуховка,Богодухівка
geonames:711894	Bohodukhiv	50.16147	35.52367	PPLA2	17818	Багадухіў,Богодухов,Богодухів
geonames:711919	Bohdanivka	50.62719	30.91374	PPL	2585	Богдановка,Богданівка
geonames:711933	Bohdanivka	48.50188	36.12173	PPLA3	5016	Bоhdаnіvkа,Богдановка,Богданівка
geonames:711938	Bohdanivka	47.81731	31.13152	PPL	1839	Богдановка,Богданівка
geonames:711941	Inhulka	47.19683	32.22748	PPL	2025	Інгулка,Ингулка
geonames:711952	Bohdan	48.04244	24.33978	PPLA3	3155	Bоhdаn,Богдан
geonames:711956	Bahatyr	47.99511	36.93869	PPL	1695	Багатир,Богатырь
geonames:711961	Bahate	45.40718	28.94254	PPL	3977	Багате,Богатое,Долукьой
geonames:711975	Badalovo	48.10859	22.63611	PPL	1714	Badalоvо,Bаdаlоvо,Бадалово
geonames:711982	Bochkivtsi	48.4302	26.17259	PPL	2004	Бочковцы,Бочківці
geonames:711989	Bobrynets	48.05674	32.1655	PPLA2	10758	Бобринец,Бобринець
geonames:711995	Bobrivnyk	50.23518	34.30559	PPL	1120	Бобривник,Бобрівник
geonames:711999	Bobrovytsia	50.74559	31.38205	PPLA3	10541	Бобровица,Бобровиця
geonames:712003	Bibrka	49.63921	24.29369	PPLA3	3761	Бобрка,Бібрка
geonames:712010	Bobryk Pershyy	47.91655	30.17852	PPL	3034	Бобрик Великий,Бобрик Перший
geonames:712022	Bobivtsi	48.26395	25.6899	PPL	1852	Бобовцы,Бобівці
geonames:712023	Bobovo	48.07166	22.89585	PPL	2216	Бобове,Тисобикень
geonames:712024	Bobovyshche	48.52905	22.67252	PPL	2227	Бобовище
geonames:712041	Blyzniuky	48.85632	36.55368	PPLA3	3467	Близнюки,Блызнюкы
geonames:712050	Blizhnye	45.05694	35.33056	PPL	2779	Бай Бугъа,Ближнее,Ближняя Байбуга,Ближнє,Прицепка
geonames:712071	Velykyi Buialyk	46.93884	30.64998	PPLA3	1694	Благоєве,Великий Буялик
geonames:712077	Blahovishchenka	47.45597	34.82818	PPLA3	2941	Благовещенка,Благовіщенка
geonames:712090	Blahodatne	47.99279	31.14015	PPLA3	1746	Благодатне,Благодатное
geonames:712091	Blahodatne	47.88121	38.48377	PPL	3512	Blаhоdаtnе,Благадатнэ,Благодатне,Благодатни,Благодатное
geonames:712092	Blahodatne	47.70041	37.41925	PPL	1263	Благодатне,Благодатни,Благодатное
geonames:712131	Krynychne	47.95631	39.73843	PPL	3951	Бирюково,Бірюкове,Криничне
geonames:712160	Bilhorod-Dnistrovskyi	46.19484	30.34827	PPLA2	47727	Аккерман,Аккирмән,Белгород Днестровски,Белгород-Днестровскай,Белгород-Днестровский,Билгород-Дњистровски,Білгарад-Дністроўскі,Білгород-Дністровський
geonames:712161	Bilche-Zolote	48.77511	25.87668	PPLA3	2002	Більче-Золоте
geonames:712165	Bila Tserkva	49.7994	30.1165	PPLA2	207273	Белая Царква,Белая Церковь,Била Церква,Біла Церква,Шурă Чирку
geonames:712181	Bezimenne	47.10724	37.93966	PPL	2638	Bеzіmеnnе,Безыменное,Безіменне
geonames:712193	Bezruky	50.17399	36.12034	PPL	2436	Bеzruky,Безруки,Безручки
geonames:712200	Bezliudivka	49.86787	36.28347	PPLA3	9296	Безлиудивка,Безлюдовка,Безлюдівка,Бєꙁлюдовъка,Пасёлак Бязлюдаўка
geonames:712212	Shchaslyve	46.90641	31.47411	PPL	1067	Счастливое,Щасливе
geonames:712228	Donske	45.04509	34.21413	PPLA3	1997	Донское,Донське,Кернеуч
geonames:712250	Bershad	48.36354	29.51463	PPLA3	12205	Бершадь
geonames:712251	Bernove	48.49662	26.63618	PPL	1125	Бернове,Берново
geonames:712254	Berlohy	48.96485	24.24842	PPL	1238	Берлоги
geonames:712260	Beryslav	46.83851	33.42664	PPLA2	12417	Берислав,Вітовтова митниця,Казикермен
geonames:712273	Berezove	51.58335	27.34722	PPLA3	3670	Березове
geonames:712276	Berezovo	48.29973	23.47885	PPL	2885	Bеrеzоvо,Березове,Березово,Берёзово
geonames:712294	Berezivka	49.90669	36.06572	PPL	1695	Березівка
geonames:712300	Berezivka	49.44159	35.70052	PPL	1618	Березовка,Березівка
geonames:712312	Berezivka	47.20037	30.90943	PPLA2	9644	Березовка,Березівка
geonames:712313	Berezovka	45.57471	33.34397	PPLA3	1308	Березовка,Березівка,Смидович
geonames:712319	Berezova Rudka	50.3162	32.23264	PPL	1971	Березова Рудка,Березовая Рудка
geonames:712320	Berezova Luka	50.27281	33.72804	PPL	1305	Березова Лука,Березовая Лука
geonames:712323	Berezotocha	50.06718	33.13581	PPL	1430	Березоточа
geonames:712332	Berezne	51.00339	26.74615	PPLA3	13280	Березне,Березно,Сільце
geonames:712336	Bereznyky	48.51111	23.22186	PPL	3055	Березники
geonames:712339	Bereznehuvate	47.30872	32.85098	PPLA2	7552	Березнеговатое,Березнегувате
geonames:712343	Berezna	51.57817	31.78738	PPLA3	5172	Березна,Бэрэзна
geonames:712347	Berizky	47.90288	30.54952	PPL	1230	Берёзки,Берізки
geonames:712349	Soborne	46.22514	29.20016	PPL	3410	Березине,Березино,Бэрэзынэ,Соборне,Соборное
geonames:712374	Berezhany	49.44578	24.93686	PPLA2	17697	Бережани,Бережаны
geonames:712387	Berezanka	46.85159	31.38532	PPLA2	4114	Березанка
geonames:712389	Berezan	50.31073	31.46768	PPLA3	16202	Березань
geonames:712390	Berezan	46.56941	30.43028	PPL	1186	Березань
geonames:712394	Berestya	51.52792	26.54538	PPL	2807	Берестя
geonames:712412	Berestove	48.75719	38.24628	PPL	1278	Берестове,Берестовое,Біркенфельд,Ной-Ніколайфельд
geonames:712416	Berestechko	50.36047	25.11071	PPL	1634	Берестечко
geonames:712423	Berehove	48.20514	22.64453	PPLA2	23325	Берегове,Берегово,Бэрэгавэ
geonames:712427	Berehove	45.09703	35.43602	PPL	2377	Берегове,Береговое
geonames:712430	Berehomet	48.17148	25.33032	PPL	7583	Берегомет
geonames:712433	Velyki Berehy	48.23171	22.74592	PPLA3	2766	Великие Береги,Великі Береги
geonames:712441	Berdychiv	49.89421	28.58236	PPLA2	73046	Бердичев,Бердичив,Бердичів,Бэрдычыў
geonames:712451	Berdyansk	46.75578	36.78815	PPLA2	106311	Бердянск,Бердянськ,Осипенко
geonames:712467	Bendzary	47.9288	29.67703	PPL	1316	Бендзари,Бендзары
geonames:712471	Belz	50.38256	24.00789	PPLA3	2191	Белз
geonames:712474	Bilyi Kolodiaz	50.20412	37.11265	PPL	3698	Белый Колодезь,Білий Колодязь
geonames:712477	Bili Oslavy	48.4819	24.69848	PPL	4351	Білі Ослави
geonames:712488	Bilyayivka	46.48427	30.2089	PPLA3	12477	Беляевка,Біляіўка,Біляївка
geonames:712500	Bilozirya	49.30105	31.89355	PPL	8506	Белозорье,Білозір'я
geonames:712501	Bilozerske	48.53366	37.06272	PPL	14634	Белозёрское,Білазэрскэ,Білозерське
geonames:712508	Bilozerka	46.62651	32.44447	PPLA2	9565	Іванівка,Белозёрка,Білозерка,Скадовка
geonames:712515	Bile	48.49523	39.05051	PPL	6775	Белое,Біле
geonames:712516	Biloiarivka	47.79607	38.60247	PPL	1497	Белояровка,Білоярівка
geonames:712521	Bilovods'k	49.20846	39.58975	PPL	8626	Беловодск
geonames:712522	Bilovod	50.66987	33.46456	PPL	1011	Беловод,Біловод
geonames:712532	Bilousivka	49.94131	32.37656	PPL	1650	Белоусовка,Білоусівка
geonames:712533	Bilousivka	48.5356	27.33933	PPL	3057	Билоусовка,Білоусівка
geonames:712535	Bilousivka	47.42161	31.53289	PPL	1274	Белоусовка,Білоусівка
geonames:712556	Bilorichenskyi	48.44703	39.1023	PPL	3194	Билориченский,Білоріченський
geonames:712559	Bilopillia	51.14747	34.31079	PPLA3	15600	Белополье,Білопілля
geonames:712565	Bilolutsk	49.69515	39.02365	PPLA3	3695	Белолуцк,Білолуцьк
geonames:712566	Bilolissya	45.89209	29.69894	PPL	2335	Акмангит,Белолесье,Білолісся
geonames:712569	Bilokurakyne	49.53306	38.72836	PPLA3	7712	Белокуракино,Білокуракине
geonames:712573	Bilokorovychi	51.10707	28.01564	PPLA3	2520	Белокоровичи,Білокоровичі
geonames:712576	Inkerman	44.61391	33.6098	PPLA3	10204	Інкерман,Белокаменск,Инкерман
geonames:712582	Bilohirya	49.99894	26.41442	PPLA2	5244	Белогорье,Білогір’я,Ляхівці
geonames:712587	Bilohirsk	45.05679	34.60386	PPLA2	16428	Белагорск,Белогорск,Білагірск,Білогірськ,Къарасувбазар
geonames:712588	Bilohorivka	48.92585	38.24674	PPL	1142	Белогоровка,Білогорівка
geonames:712590	Bilohorodka	50.3898	30.22726	PPLA3	21369	Белогородка,Білгород-Київський,Білогородка
geonames:712591	Bilohorodka	50.00431	26.64165	PPL	1816	Белогородка,Білогородка
geonames:712602	Bilky	48.31415	23.13256	PPLA3	8064	Белка,Білки
geonames:712613	Bilytske	48.40642	37.18111	PPL	7764	Белицкое,Білицьке
geonames:712619	Bilyne	47.87478	29.62535	PPL	2074	Белино,Білине
geonames:712622	Bilyn	48.1126	24.25912	PPL	1746	Белин,Білин
geonames:712629	Bilyky	49.25147	34.2706	PPL	4913	Белики,Білики
geonames:712631	Bilychi	50.46544	30.34654	PPL	40200	Биличи,Біличі
geonames:712640	Biletskivka	48.99468	33.3512	PPL	1915	Білецьківка
geonames:712641	Bilenke	48.76589	37.63309	PPL	9441	Беленькое,Біленьке
geonames:712642	Bilenke	47.62622	35.03685	PPLA3	4977	Беленькое,Біленьке
geonames:712643	Bilenke	46.0528	30.37784	PPL	1268	Беленькое,Біленьке
geonames:712656	Bila Krynytsia	50.63982	29.47041	PPL	1029	Біла Криниця
geonames:712659	Bila Krynytsya	47.34934	33.19722	PPL	1218	Белая Криница,Біла Криниця
geonames:712667	Belaya	49.029	25.77059	PPL	3728	Біла
geonames:712671	Bilivtsi	48.35	26.48333	PPL	1114	Беловцы,Білівці
geonames:712682	Bekhtery	46.24855	32.2904	PPLA3	2909	Бехтери
geonames:712699	Bedevlya	48.00503	23.66431	PPL	5423	Bеdеvlja,Бедевля
geonames:712710	Bazaryanka	45.88727	30.14591	PPL	1153	Базарьянка,Базар’янка,Базир'ямка
geonames:712715	Bazaliya	49.71106	26.46594	PPL	1484	Базали,Базалия,Базалія
geonames:712724	Bairachky	48.392	38.60174	PPL	1065	Байрачки
geonames:712732	Trudovoye	45.23797	33.75836	PPL	1423	Байгельды,Трудове,Трудовое
geonames:712738	Baybuzivka	48.11452	29.90202	PPL	1056	Байбузовка,Байбузівка
geonames:712745	Baturyn	51.34261	32.87981	PPLA3	2406	Батурин
geonames:712749	Batrad	48.32357	22.41441	PPL	1846	Батрадь
geonames:712755	Batal’noye	45.19402	35.61583	PPLA3	1275	Batal'noye,Батальне,Батальное
geonames:712757	Basivka	49.78333	23.91667	PPL	1042	Басовка,Басівка
geonames:712774	Bashtankiv	48.10641	29.00075	PPL	1425	Баштанков,Баштанків
geonames:712775	Bashtanka	47.40528	32.43444	PPLA2	12180	Баштанка,Бащанка
geonames:712787	Baryshivka	50.35925	31.32005	PPLA3	10294	Баришівка,Барышевка
geonames:712794	Barvinkove	48.9052	37.02257	PPLA3	7840	Барвенково,Барвинкове,Барвінкове
geonames:712808	Bilozirka	47.08769	32.45117	PPL	1757	Бармашове,Белозёрка,Білозірка
geonames:712809	Barmaky	50.63567	26.30412	PPL	1012	Бармаки
geonames:712819	Barativka	46.94606	32.77938	PPL	1088	Баратовка,Баратівка
geonames:712823	Ulashanivka	50.34228	26.85834	PPLA3	1433	Бараннє,Бараннє-Улашанівка,Улашановка,Улашанівка
geonames:712839	Baranivka	50.29691	27.6622	PPL	11161	Баранаўка,Барановка,Баранівка,Бараніўка
geonames:712846	Baranyntsi	48.57561	22.32729	PPLA3	1609	Баранинци,Баранинці
geonames:712850	Sinitsyno	45.23862	35.24659	PPLA3	1142	Барак,Синицине,Синицыно
geonames:712853	Baraboi	46.28769	30.51368	PPL	1533	Барабой
geonames:712861	Bar	49.07362	27.67404	PPL	15337	Бар
geonames:712868	Banivka	46.7505	36.37786	PPL	1144	Бановка,Банівка
geonames:712869	Bannivka	45.68862	28.92266	PPL	1211	Банновка,Баннівка
geonames:712871	Banyliv	48.36554	25.35037	PPLA3	3897	Bаnylіv,Банилов,Банилів,Баныліў
geonames:712872	Banyliv-Pidhirnyi	48.08333	25.48333	PPL	4012	Банилов-Подгорный,Банилів-Підгірний
geonames:712883	Baltazarivka	46.41585	33.40621	PPL	1260	Балтазаровка,Балтазарівка
geonames:712886	Balta	47.93596	29.62225	PPLA2	18511	Балта,Палієве,Палієве Озеро,Юзефград,Юзефґрод
geonames:712887	Balovne	47.05111	31.88617	PPL	2792	Баловне,Баловное
geonames:712895	Balky	47.38596	34.93132	PPL	5717	Балки
geonames:712897	Balkivtsi	48.35	26.56667	PPL	1577	Балковцы,Балківці
geonames:712922	Balamutivka	48.53399	26.05999	PPL	1786	Баламутовка,Баламутівка
geonames:712926	Balakliya	49.45595	36.84433	PPL	26334	Балаклея,Балаклија,Балаклія,Ново-Серпухов,Ново-Серпухів
geonames:712930	Balaklava	44.51118	33.59942	PPLA3	18649	Балаклава
geonames:712934	Balabyne	47.73686	35.21361	PPL	5850	Балабине,Балабино,Петрівка,Петрівське,Строганове
geonames:712944	Baksha	48.00944	29.9774	PPL	1078	Бакша
geonames:712967	Bakhmach	51.18144	32.83463	PPL	16862	Бахмач
geonames:712969	Bakhchysaray	44.75525	33.85782	PPLA2	27448	Бахчисарай
geonames:712981	Bahrynivka	47.98272	25.94581	PPL	1456	Багриновка,Багринівка
geonames:712985	Bahna	48.22404	25.2321	PPL	1237	Багна
geonames:712992	Baherove	45.37417	36.29705	PPLA3	4315	Багерове,Багерово
geonames:713035	Babyn	48.52464	26.85673	PPL	2143	Бабин
geonames:713049	Babchyntsi	48.41661	28.15716	PPLA3	2796	Бабчинци,Бабчинці
geonames:713055	Babanka	48.71034	30.43983	PPL	2187	Бабанка
geonames:713059	Babayi	49.89625	36.19309	PPL	7304	Бабаи,Бабаї
geonames:713062	Azovske	45.58604	34.5668	PPLA3	3656	Азовское,Азовське
geonames:713095	Aidar-Mykolaivka	48.97457	38.96938	PPL	1067	Айдар-Миколаївка,Айдар-Николаевка
geonames:713112	Avhustivka	46.63989	30.64891	PPL	1432	Августовка,Августівка
geonames:713113	Avhustynivka	48.03723	35.03177	PPL	1017	Августиновка,Августинівка
geonames:713120	Avdiyivka	51.7766	32.79988	PPL	2012	Авдеевка,Авдіївка
geonames:713122	Avdiyivka	48.14019	37.75008	PPL	35826	Авдеевка,Авдијивка,Авдіївка,Аўдзееўка,Аўдзііўка
geonames:713126	Auly	48.5547	34.45826	PPL	4167	Аuly,Аули,Аулы
geonames:713143	Astrakhanka	46.95047	35.6537	PPL	1223	Астраханка
geonames:713146	Ostanino	45.32731	35.91295	PPLA3	1327	Ойсул,Останино,Останіне
geonames:713154	Askaniya-Nova	46.45406	33.87128	PPL	2696	Аскания-Нова,Асканія-Нова,Асканієвка,Асканієво,Новий Ангальт,Новий Кетен,Чапельська дача,Чаплі
geonames:713163	Artsyz	45.98526	29.43286	PPL	14355	Арциз,Арцыз
geonames:713174	Bakhmut	48.59419	37.99886	PPLA2	80500	Артемовск,Артемівськ,Бахмут
geonames:713175	Kypuche	48.44061	38.732	PPL	7203	Артемовск,Артемівськ,Кипуче
geonames:713176	Zalizne	48.37083	37.8855	PPL	4928	Артемове,Артемово,Зализное,Залізне,хутір Неліпівський
geonames:713177	Artemivka	49.92997	37.08167	PPL	1304	Артемовка,Артемівка
geonames:713179	Skorokhodove	49.77437	35.07407	PPL	3238	Артемовка,Артемівка,Скороходове,Скороходово
geonames:713202	Aromatnoye	45.03678	34.39921	PPLA3	1772	Ароматне,Ароматное,Розенталь
geonames:713203	Armyansk	46.10919	33.69206	PPLA2	24442	Армянск,Армянськ
geonames:713208	Arkhanhelske	47.43329	33.40506	PPL	1810	Архангельское,Архангельське,Борозна
geonames:713209	Arkhanhelska Sloboda	46.63569	33.70496	PPL	1136	Архангельська Слобода,Архангельськая Слобода
geonames:713220	Ardanovo	48.3323	22.94962	PPL	1615	Арданове,Арданово
geonames:713222	Arbuzynka	47.90791	31.31701	PPL	6266	Арбузинка,Арбузынка
geonames:713245	Apostolove	47.65983	33.71952	PPL	15828	Апостолове,Апостолово
geonames:713259	Antratsyt	48.11638	39.08863	PPLA3	52150	Антрацит
geonames:713287	Antalovtsi	48.62627	22.51644	PPL	1059	Анталовці,Антоновка,Антонівка
geonames:713304	Antonivka	46.67666	32.73061	PPL	12777	Антоновка,Антонівка
geonames:713316	Antoniny	49.80924	26.87011	PPL	2157	Антонины,Антоніни
geonames:713338	Hannivka	48.24245	33.46367	PPL	1655	Анновка,Ганнівка
geonames:713389	Andrushivka	50.01922	29.01883	PPLA3	8458	Андрушёвка,Андрушівка
geonames:713391	Andrivka	46.8966	36.61317	PPLA3	1426	Андровка,Андрівка
geonames:713410	Andriyevo-Ivanivka	47.50322	30.46247	PPL	1692	Андриево-Ивановка,Андрієво-Іванівка
geonames:713428	Andriyivka	49.53538	36.62635	PPL	9705	Андреевка,Андріївка
geonames:713440	Sukhanivka	48.81789	37.54977	PPL	1325	Андреевка,Андріївка,Суханівка
geonames:713445	Andriyivka	48.61735	37.28676	PPLA3	1044	Андриевка,Андріївка
geonames:713466	Andriyivka	47.46044	37.65542	PPL	2616	Андреевка,Андріївка
geonames:713470	Andriyivka	47.09351	36.58949	PPL	2755	Андреевка,Андріївка
geonames:713481	Andriivka	46.22099	30.08481	PPL	1203	Андриевка,Андрыіўка,Андріївка
geonames:713500	Ananyiv	47.71975	29.95711	PPL	7789	Ананьев,Ананьїв
geonames:713504	Amvrosiyivka	47.79062	38.47851	PPLA3	17998	Амвросиевка,Амвросіївка
geonames:713505	Amurskoye	45.27822	34.12823	PPLA3	2687	Алабаш-Конрат,Амурское,Амурське
geonames:713513	Alushta	44.67728	34.4097	PPLA2	29586	Алушта
geonames:713514	Alupka	44.41952	34.04489	PPL	8087	Алупка,Алупко
geonames:713522	Almazna	48.52048	38.58035	PPL	4148	Алмазна,Алмазная
geonames:713544	Oleksiyevo-Druzhkivka	48.57909	37.60941	PPL	7959	Алексеево-Дружковка,Олексієво-Дружківка
geonames:713553	Oleksiivka	49.39838	36.28664	PPLA3	1820	Алексеевка,Олексіївка
geonames:713574	Oleksiivka	46.28827	32.23882	PPL	1027	Олексиевка,Олексіївка
geonames:713575	Oleksiivka	46.12058	30.06219	PPL	1695	Мансбург,Олексиевка,Олексіївка
geonames:713588	Oleksandrivsk	48.58611	39.18946	PPL	6401	Александровск,Олександрівськ
geonames:713633	Oleksandrivka	48.70744	36.9127	PPLA3	5740	Александровка,Олександрівка
geonames:713647	Oleksandrivka	48.13446	23.50949	PPL	2279	Олександровка,Олександрівка
geonames:713652	Oleksandrivka	47.92073	37.57872	PPL	5740	Александровка,Олександрівка
geonames:713658	Oleksandrivka	47.69009	31.27756	PPL	5200	Александровка,Олександрівка
geonames:713676	Oleksandrivka	46.83786	32.76344	PPL	1336	Александровка,Оlеksаndrіvkа,Олександрівка
geonames:713678	Oleksandrivka	46.61147	30.86444	PPL	3660	Александровка,Олександрівка
geonames:713680	Oleksandrivka	46.5367	35.48685	PPLA3	1049	Александровка,Олександрівка
geonames:713681	Oleksandrivka	46.44254	29.45463	PPL	1834	Александровка,Олександрівка
geonames:713683	Oleksandrivka	46.32868	30.63562	PPL	7600	Александровка,Алэксандрыўка,Олександирвка,Олександрівка
geonames:713684	Oleksandrivka	46.11732	33.47793	PPL	1075	Александровка,Олександрівка
geonames:713685	Oleksandrivka	45.89067	28.94747	PPL	2457	Александровка,Олександрівка,Саталик-Хаджі,Саталък Хаджи
geonames:713686	Aleksandrovka	45.57654	34.09947	PPLA3	1301	Александровка,Бий-Акай-Кемельчи,Олександрівка
geonames:713703	Lisove	48.8419	32.33188	PPL	1137	Лесовое,Лісове
geonames:713706	Oleksandriya	50.73472	26.34675	PPLA3	2397	Олександрия,Олександрія
geonames:713716	Alchevsk	48.46906	38.79744	PPLA2	106062	Алчевск,Алчевськ
geonames:713734	Andriyivka	44.81663	33.56313	PPLA3	1498	Аклеиз,Андреевка,Андріївка
geonames:713743	Yakymivka	46.7011	35.16334	PPLA2	11069	Акимовка,Якимівка
geonames:713745	Akimovka	45.51981	34.82438	PPLA3	1312	Акимовка,Якимівка
geonames:713749	Okhtyrka	50.30852	34.89468	PPLA2	47216	Ахтырка,Охтирка
geonames:713758	Ilichanka	46.61204	30.8124	PPL	1321	Іллічівка,Ілічанка,Иличанка,Ильичевка
geonames:713759	Ahrarne	45.01596	34.05725	PPL	3754	Аграрне,Аграрное
geonames:713766	Likarstvenne	44.94194	33.82229	PPL	1241	Агач-Эли,Лекарственное,Лікарственне
geonames:713772	Aeroflotskyi	45.01951	34.00174	PPL	1768	Аерофлотський,Аэрофлотский
geonames:713784	Adzhamka	48.54229	32.53737	PPLA3	3859	Аdzаmkа,Аджамка
geonames:713801	Adamivka	48.324	34.21088	PPL	1406	Адамовка,Адамівка
geonames:713816	Abrykosivka	45.10759	35.10139	PPLA3	1079	Абрикосовка,Абрикосівка,Найман
geonames:713822	Abazivka	49.60461	34.34901	PPL	1679	Абазовка,Абазівка
geonames:793656	Mala Byihan	48.27328	22.57687	PPL	1300	Мала Бийгань
geonames:803145	Metalist	47.82464	38.29201	PPL	1298	Металист,Металіст
geonames:806581	Lukiantsi	50.24665	36.50668	PPL	1242	Лукянци,Лук’янці
geonames:807448	Sad	50.88014	34.71183	PPLA3	2348	Сад
geonames:809807	Horodyshche	49.05537	39.64946	PPL	1777	Городище
geonames:810695	Opytne	48.5562	38.01744	PPL	1983	Опитне
geonames:812661	Kruhliakivka	49.5294	37.71496	PPL	1173	Кругляковка,Кругляківка
geonames:812802	Podvirky	49.97987	36.09238	PPL	7890	Подвирки,Подвірки,Підмонастирський подвірок
geonames:812962	Dokuchayevske	49.89248	36.45158	PPL	7251	Докучаєвське,Комуніст
geonames:812970	Vilkhivka	49.98769	36.51372	PPLA3	1244	Вільхівка
geonames:823477	Lupareve	46.69167	31.975	PPL	1268	Лупареве
geonames:827969	Kolodne	48.16498	23.59955	PPL	2119	Колодне
geonames:827971	Dulovo	48.14353	23.58684	PPL	2420	Дулове,Дулово
geonames:829737	Klyachanovo	48.475	22.5	PPL	1905	Клячаново
geonames:829738	Barkasovo	48.36478	22.49341	PPL	2001	Баркасове,Баркасово
geonames:829739	Novobarovo	48.10162	23.50361	PPL	2007	Новобарове,Новобарово
geonames:829740	Topchyno	48.04066	23.82536	PPL	2235	Топчино
geonames:829741	Chumalovo	48.19065	23.54672	PPL	2994	Чумалеве,Чумальово
geonames:829742	Solomonovo	48.43028	22.16124	PPL	1457	Sоlоmоnоvо,Саламонова,Соломонове,Соломоново
geonames:829743	Kontsovo	48.57073	22.24831	PPL	1278	Концово
geonames:829744	Zolotarovo	48.18255	23.49618	PPL	4266	Золотареве,Золотарьово
geonames:829745	Kopashnovo	48.21764	23.48366	PPL	3010	Копашневе,Копашново
geonames:829746	Krainykovo	48.11924	23.44503	PPL	1565	Крайниково
geonames:829747	Nankovo	48.19768	23.43364	PPL	2567	Нанкове,Нанково
geonames:829788	Narkevychi	49.51694	26.63787	PPL	1477	Наркевичи,Наркевичі,Наркэвычы,Ясне
geonames:829794	Prydniprovske	47.61967	34.45873	PPL	2443	Приднепровское,Придніпровське
geonames:829795	Tavryiske	47.65311	35.69512	PPL	3291	Кирово,Кірове,Таврійське
geonames:830019	Sofiivka	48.0814	31.06588	PPL	1343	Софиевка,Софіївка
geonames:830068	Hromy	48.6641	30.1863	PPL	1160	Громи,Громы
geonames:830115	Dzendzelivka	48.96197	30.25094	PPL	1254	Дзенгелевка,Дзендзеловка,Дзендзелівка,Дзензелевка,Дзензелівка,Зензелівка
geonames:831260	Orshivtsi	48.4196	25.63075	PPL	2382	Оршивци,Оршівці
geonames:831263	Brusenky	48.26416	25.53425	PPL	1110	Брусенки
geonames:831265	Verkhni Stanivtsi	48.28765	25.59001	PPL	1750	Верхние Становцы,Верхні Станівці
geonames:831266	Brusnytsia	48.35601	25.61302	PPLA3	2088	Брусница,Брусниця
geonames:832388	Novosel’skoye	45.50357	32.7225	PPLA3	2424	Novosel'skoye,Новосельское,Новосільське
geonames:832394	Orikhove	45.12944	33.6318	PPLA3	3049	Орехово,Оріхове
geonames:859641	Kosy	47.67896	29.49778	PPL	1012	Коси
geonames:859908	Perekhrestove	47.43529	29.79827	PPL	1035	Перехрестове
geonames:860012	Okny	47.54293	29.45586	PPLA2	5290	Красні Окни,Окни,Окны
geonames:860062	Borshchi	47.8682	29.48661	PPL	1724	Борщи,Борщі
geonames:863710	Sterche	48.0321	26.03533	PPL	1231	Стерче
geonames:863711	Luh	47.95927	24.05623	PPL	1985	Луг
geonames:864933	Smyha	50.23838	25.76474	PPLA3	2800	Смига,Смыга
geonames:865086	Tayirove	46.35899	30.64777	PPL	3830	Таирово,Таїрове
geonames:865087	Teplodar	46.50196	30.32256	PPL	9958	Теплодар,Тэпладар
geonames:865729	Tavriysk	46.75432	33.41665	PPL	10108	Таврийск,Таврійськ
geonames:6559559	Horishni Plavni	49.00835	33.62926	PPL	49854	Горишни Плавни,Горишние Плавни,Горішні Плавні,Комсомолск,Комсомольск,Комсомольськ,Комсомольськ-на-Дніпрі,Комсомољск на Дњепру
geonames:6721640	Elitne	50.01197	36.58283	PPL	1110	Елітне,Радгоспне,Радгоспное
geonames:6930327	Slavutych	51.5225	30.71806	PPLA3	24464	Славутич,Славуціч
geonames:6957703	Kurskoye	45.02908	34.93623	PPLA3	1204	Кишлав,Курское,Курське
geonames:6957910	Rovnoye	45.35134	34.3523	PPLA3	1399	Карасан,Ровное,Рівне
geonames:6974509	Kashtanove	44.8321	34.05912	PPL	1028	Каштанове
geonames:6974567	Levadki	44.87083	34.04278	PPL	1036	Левадки
geonames:6975347	Beloglinka	44.9949	34.04167	PPL	1989	Актачи-Кият,Белоглинка,Білоглинка
geonames:6976172	Komsomol’skoye	45.019	34.03049	PPL	4447	Komsomol'skoye,Комсомольское,Комсомольське
geonames:6980613	Malen’koye	45.07585	33.99942	PPL	1546	Malen'koye,Кичкине,Маленьке,Маленькое
geonames:6981547	Solnechnoye	45.04767	34.0838	PPL	1015	Солнечное,Сонячне
geonames:6982930	Fontany	44.89717	34.07297	PPL	2681	Фонтани,Фонтаны,Ягмурча
geonames:6982932	Zalesye	44.88687	34.10168	PPL	1063	Залесье,Залісся
geonames:6982946	Konstantinovka	44.85511	34.12069	PPL	1354	Константиновка,Костянтинівка
geonames:6983708	Urozhaynoye	45.04522	34.13511	PPLA3	3350	Брусилово,Урожайне,Урожайное,Чоюнчи,Чуюнча
geonames:6984570	Trudovoye	44.99133	34.20311	PPLA3	2173	Трудове,Трудовое
geonames:7018897	Rozdolne	45.36068	34.85468	PPL	1008	Роздольне
geonames:7018913	Nekrasove	45.42531	34.28535	PPL	1026	Большевик,Некрасове
geonames:7019389	Uvarovka	45.45108	34.78812	PPLA3	1136	Бурнаш,Уваровка,Уварівка
geonames:7019905	Vol’noye	45.5657	34.3036	PPLA3	1982	Vol'noye,Вольное,Вільне,Фрайлебен
geonames:7021000	Suvorove	46.08835	33.68842	PPL	1357	Суворове
geonames:7021003	Izumrudne	45.73704	34.41299	PPLA3	1905	Ізумрудне,Изумрудное
geonames:7021036	Kholmovka	44.6583	33.75456	PPL	2234	Заланкой,Холмовка,Холмівка
geonames:7021041	Pakharevka	45.83472	34.16129	PPLA3	1161	Пахаревка,Пахарівка
geonames:7021048	Luganskoye	45.8019	34.23786	PPLA3	1129	28-й участок,Луганское,Луганське
geonames:7021083	Blahodatne	46.23625	33.14522	PPL	1094	Благодатне,Радгоспне,Радгоспное
geonames:7021653	Tavriia	46.32946	33.02787	PPL	1297	Таврия,Таврія
geonames:7022352	Yuvileyne	46.48739	33.21514	PPL	1558	Юбилейное,Ювілейне
geonames:7022726	Tavrychanka	46.5513	33.82119	PPLA3	1671	Тавричанка
geonames:7025405	Novoozerne	45.38388	33.11713	PPL	7393	Новоозерне,Новоозёрное
geonames:7026819	Kukushkino	45.71924	33.3903	PPLA3	1006	Караба-Кукуш,Кукушкино,Кукушкіне
geonames:7026824	Senokosnoye	45.73277	33.51552	PPL	1058	Бозук-Кую,Бузуккой,Сенокосное,Сінокісне
geonames:7026869	Bratskoye	45.8317	33.92151	PPLA3	1005	Братское,Братське,Старый Яланташ,Ялантуш
geonames:7026896	Sovkhoznoye	45.96005	33.77155	PPLA3	1330	Совхозне,Совхозное
geonames:7027004	Pochetnoye	45.99495	33.76588	PPLA3	1247	Почетне,Почётное,Тузла
geonames:7031339	Chonhar	46.03008	34.54734	PPL	1431	Чонгар
geonames:7034932	Kamenolomnia	45.24764	33.42087	PPL	1804	Каменоломня
geonames:7035124	Vladimirovka	45.1476	33.57583	PPL	1261	Владимировка,Володимирівка
geonames:7036030	Heroyske	45.13857	33.74675	PPLA3	1740	Ашага-Джамин,Геройское,Геройське,Горьковское
geonames:7037529	Zhuravli	45.25249	33.64254	PPL	1475	Журавли,Журавлі
geonames:7037694	Chervonoye	45.12294	33.68662	PPL	2007	Червоне,Червонное
geonames:7039154	Novofedorovka	45.09473	33.57211	PPLA3	5651	Новофедорівка,Новофёдоровка
geonames:7039160	Shkilne	45.05758	33.89737	PPLA3	2127	Школьное,Шкільне
geonames:7039965	Vinnytske	44.98129	33.7392	PPL	1048	Винницкое,Вінницьке
geonames:7039996	Prudovoye	44.90424	33.78114	PPL	1009	Прудове,Прудовое
geonames:7040059	Sonyachnyi	44.78677	33.61786	PPL	1718	Солнечный,Сонячний
geonames:7040068	Polyushko	44.74219	33.58913	PPL	1951	Полюшко
geonames:7280677	Denyshi	50.21415	28.40395	PPL	1164	Дениші,Деныши
geonames:7303923	Stepove	46.70385	30.07919	PPL	1549	Степове,Степовое
geonames:7406717	Pervomayskoye	45.06191	35.16395	PPLA3	2880	Карагоз,Первомайское,Первомайське
geonames:7525990	Pivdennoukrainsk	47.82879	31.17513	PPL	38560	Јужноукрајинск,Пивденоукрајинск,Південноукраїнськ,Піўдэннаўкраінск,Южноукраинск,Южноукраїнськ
geonames:7627450	Zvenyhorodka	48.61935	33.13631	PPL	1108	Звенигородка
geonames:7647238	Khromove	48.60057	37.94858	PPL	1054	Артемовское,Артемівське,Хромове,Хромово
geonames:8054597	Osivtsi	51.67584	24.90454	PPL	1196	Осивци,Осівці
geonames:8056884	Bronytsia	51.65279	25.15686	PPL	1310	Брониця
geonames:8129116	Hora	50.3712	30.85991	PPL	3461	Гора
geonames:8163637	Tsentralne	51.47552	30.6851	PPL	1362	Центральне
geonames:8196024	Kyselivka	51.53852	31.44845	PPLA3	1306	Киселовка,Киселівка
geonames:8243859	Rozivka	48.57662	22.27989	PPL	1348	Розовка,Розівка
geonames:8243862	Korytniany	48.55161	22.29934	PPL	1656	Коритняни
geonames:8244753	Ruski Komarivtsi	48.52062	22.43849	PPL	1576	Руськи Комаривци,Руські Комарівці
geonames:8245265	Kaidanovo	48.46632	22.57081	PPL	1224	Кайданово
geonames:8245848	Esen	48.39194	22.27283	PPL	1677	Есень
geonames:8247776	Lavky	48.47851	22.69501	PPL	1299	Лавки
geonames:8247777	Kliachanovo	48.46623	22.66898	PPL	1905	Клячаново
geonames:8250034	Rososh	48.49695	23.14428	PPL	2250	Росош
geonames:8250814	Solochyn	48.59947	22.958	PPL	1111	Солочин
geonames:8250816	Kosyno	48.51333	22.79287	PPL	1026	Косино
geonames:8273801	Nehrovo	48.37132	22.9093	PPL	1116	Негрово
geonames:8273814	Osii	48.35587	23.10805	PPL	3555	Осий,Осій
geonames:8273886	Loza	48.29259	23.03521	PPL	1245	Лоза
geonames:8273951	Nyzhnie Bolotne	48.26533	23.0902	PPL	1500	Нижнє Болотне
geonames:8274140	Mizhlisne	48.17469	22.85867	PPL	1421	Мижлисне,Міжлісне,Пушкіно
geonames:8275228	Borzhava	48.15691	22.72197	PPL	1502	Боржава
geonames:8275278	Matiiovo	48.13161	22.90994	PPL	1046	Матийово,Матійово
geonames:8275286	Drotyntsi	48.10786	22.98708	PPL	2000	Дротинци,Дротинці
geonames:8275336	Trosnyk	48.09527	22.94851	PPL	2222	Тросник
geonames:8275385	Fertesholmash	47.98247	22.93049	PPL	1070	Фертешолмаш
geonames:8275390	Diula	48.0338	23.08037	PPL	1421	Дюла
geonames:8280396	Horb	48.44535	23.69729	PPL	1418	Горб
geonames:8280398	Zaperedillia	48.47727	23.50783	PPL	1011	Запереділля
geonames:8280402	Sukha	48.43174	23.30131	PPL	1879	Суха
geonames:8281536	Zabrid	48.29171	23.57497	PPL	1250	Забрідь
geonames:8281545	Tysalovo	48.18299	23.75012	PPL	1281	Тисалово
geonames:8281733	Velyka Uholka	48.19683	23.65542	PPL	2052	Велика Уголька
geonames:8281734	Mala Uholka	48.17629	23.65628	PPL	1503	Мала Уголька
geonames:8281789	Kireshi	48.18472	23.34255	PPL	1404	Киреши,Кіреші
geonames:8281801	Chertizh	48.18818	23.23682	PPL	1517	Чертиж,Чертіж
geonames:8281905	Zalom	48.25283	23.32331	PPL	2323	Залом
geonames:8281915	Lypovets	48.28078	23.29685	PPL	1530	Липовець
geonames:8282170	Lukovo	48.32042	23.21045	PPL	1493	Луково
geonames:8282242	Rakosh	48.04272	23.37707	PPL	1147	Ракош
geonames:8282245	Yablunivka	48.01177	23.51055	PPL	1451	Яблуновка,Яблунівка
geonames:8282246	Tiachivka	48.03926	23.5868	PPL	1555	Тячовка,Тячівка
geonames:8282247	Kryva	48.02657	23.71223	PPL	3524	Крива
geonames:8282261	Lazy	48.05505	23.62399	PPL	3801	Лази
geonames:8282293	Vilkhivtsi-Lazy	48.12813	23.69231	PPL	3215	Вільхівці-Лази
geonames:8282294	Hrunyky	48.1437	23.65707	PPL	1416	Груники
geonames:8282295	Vilkhivchyk	48.12813	23.7362	PPL	1448	Вільхівчик
geonames:8282296	Vyshovatyi	48.09624	23.76701	PPL	1803	Вишоватий
geonames:8330313	Nyzhnii Dubovets	48.15849	23.89995	PPL	1121	Нижній Дубовець
geonames:8330314	Pidplesha	48.13067	23.79978	PPL	1244	Подплеша,Підплеша
geonames:8331050	Solone	48.12794	23.87575	PPL	1303	Солоне
geonames:8331051	Petrushiv	48.07622	23.77926	PPL	2687	Петрушов,Петрушів
geonames:8331054	Podishor	48.04295	23.86668	PPL	1183	Подишор,Подішор
geonames:8331055	Strymba	48.04204	23.92203	PPL	1340	Стримба
geonames:8331062	Dobrik	48.0127	23.90146	PPL	1106	Добрик,Добрік
geonames:8331526	Bila Tserkva	47.94979	23.89571	PPL	3024	Біла Церква
geonames:8331906	Vydrychka	48.05396	24.31313	PPL	2300	Видричка
geonames:8341919	Varash	51.34038	25.85547	PPLA2	42000	Вараш,Кузнецовск,Кузнецовськ
geonames:8354605	Svyatopetrivske	50.38214	30.32278	PPL	16200	Петровское,Петрівське,Святопетрівське
geonames:8354606	Hatne	50.35444	30.37497	PPL	12500	Гатне,Гатное
geonames:8377209	Ivanopil	50.91685	28.21203	PPL	2027	Іванопіль
geonames:8419721	Pishchane	50.95234	34.07011	PPL	1734	Пищане,Піщане
geonames:8430946	Rovantsi	50.7291	25.34611	PPL	1188	Рованци,Рованці
geonames:8441747	Serhiivka	50.71773	26.30174	PPL	1201	Сергиевка,Сергіївка
geonames:8463941	Natalivka	50.61444	27.58532	PPL	1344	Наталівка
geonames:8468653	Kremidivka	46.73351	30.78472	PPL	2533	Кремидовка,Кремидівка
geonames:8468687	Kulykiv	49.97954	24.07817	PPL	3963	Куликов,Куликів,Кулыкив,Кулыкіў
geonames:8468688	Hlyns'k	50.06033	23.89956	PPL	1698	Глинск,Глинськ,Глинсько
geonames:8468760	Novoyavorivs'k	49.93023	23.57357	PPL	31366	Новояворовск,Новояворівськ
geonames:8504651	Sofiyivska Borschagivka	50.41005	30.36724	PPL	6571	Софиевская Борщаговка
geonames:8504665	Motovylivka	50.15821	30.07421	PPL	3499	Mоtоvylіvkа,Казенна Мотовилівка,Малая Мотовиловка,Матавыліўка,Мотовиловка,Мотовилівка,Червона Мотовилівка,Чернеча Мотовилівка
geonames:8504779	Kryukivschina	50.37153	30.36861	PPL	3509	Крюкивщина,Крюківщина
geonames:8516167	Horenka	50.55731	30.33217	PPL	5358	Горенка
geonames:8516326	Kniazhychi	50.32753	30.14053	PPL	1347	Княжичи,Княжичі
geonames:8516348	Danylivka	50.25124	30.21973	PPL	3600	Даниловка,Данилівка
geonames:8519820	Chaiky	50.43034	30.28385	PPL	12000	Чайки
geonames:8519915	Bykivnia	50.47292	30.67139	PPLL	2700	Биківня,Быковня
geonames:8519952	Chabany	50.34128	30.42856	PPLA3	5100	Чабани,Чабаны
geonames:8521509	Kirove	50.3689	31.12066	PPL	1605	Кирово
geonames:8524551	Prolisky	50.39118	30.78	PPL	1852	Пролески,Проліски,Проліскы
geonames:8524552	Shchaslyve	50.3784	30.79108	PPLA3	6800	Счастливое,Щасливе
geonames:8531243	Novi Martynovychi	50.37679	32.4371	PPL	1005	Нові Мартиновичі
geonames:8669030	Mala Rohan	49.93784	36.4894	PPL	2603	Мала Рогань
geonames:8672717	Birky	49.72024	36.05777	PPL	2936	Бирки,Бірки
geonames:8673814	Nova Berezivka	49.89019	36.10093	PPL	1128	Нова Березівка
geonames:8674915	Berezivske	50.00691	35.95855	PPL	1057	Березівське
geonames:8677512	Vatutine	49.77898	35.96902	PPL	1273	Ватутино,Ватутіне
geonames:8677641	Slobozhanske	49.59723	35.6857	PPL	1266	Комінтерн,Слобожанское,Слобожанське
geonames:8699017	Bozhkivske	49.67031	34.75906	PPL	1214	Божківське
geonames:8717730	Vyrishalne	50.19342	33.44506	PPL	1788	Вирішальне
geonames:8718061	Novoorikhivka	49.94549	33.27725	PPL	1654	Новоориховка,Новооріхівка
geonames:8729607	Voinykha	49.96142	33.06511	PPL	1030	Войниха
geonames:8997005	Sovkhoznoye	45.03061	34.01068	PPL	1109	Совхозне,Совхозное,Темир-Ага
geonames:8999050	Krasnokamyanka	44.92446	35.0754	PPL	1150	Кизилташ,Краснокаменка,Краснокам’янка,Феодосія-13
geonames:9072953	Viktoriia	50.24131	32.28416	PPL	1042	Виктория,Вікторія
geonames:9072992	Drabove-Bariatynske	49.94389	32.29065	PPL	2114	Драбове-Барятинське
geonames:9112049	Svitle	48.3984	37.11535	PPL	1286	Свитле,Світле
geonames:9112130	Svitle	48.30861	37.23002	PPL	1025	Свитле,Світле
geonames:9113069	Spartak	48.08054	37.76854	PPL	1956	Спартак
geonames:9113784	Myrne	48.86317	37.54157	PPL	1587	Мирне
geonames:9114637	Novotoshkivske	48.7249	38.63243	PPL	2119	Новотошківське
geonames:9115363	Novoluhanske	48.4261	38.1751	PPL	3830	Новолуганское,Новолуганське
geonames:9123615	Khriashchuvate	48.51732	39.42541	PPL	1216	Хрящувате
geonames:9124669	Metalist	48.62218	39.28231	PPL	2197	Металлист,Металіст
geonames:9124761	Teplychne	48.58381	39.22767	PPL	1574	Тепличне
geonames:9124762	Zrazkove	48.55965	39.22105	PPL	1820	Дзержинське,Зразкове
geonames:9190364	Hryhorivka	47.32895	36.2765	PPL	1210	Григоровка,Григорівка
geonames:9261093	Patskanovo	48.58769	22.6101	PPL	1074	Пацканьово
geonames:9290144	Bezborodky	49.89417	31.98415	PPL	1211	Безбородьки
geonames:9290340	Zhar	49.65487	32.096	PPL	1004	Згар
geonames:9290403	Voznesenske	49.7557	32.15663	PPLA3	2338	Вознесенское,Вознесенське
geonames:9290410	Palmira	49.76944	32.17412	PPL	1021	Пальмира,Пальміра
geonames:9529258	Malynivka	47.17042	37.23255	PPL	1160	Малиновка,Малинівка
geonames:9529595	Topolyne	47.23636	37.39043	PPL	1040	Тополине
geonames:9529613	Afiny	47.29639	37.61085	PPL	1979	Афини,Афіни,Зоря
geonames:9533117	Orilske	48.58649	34.81417	PPL	2591	Жальбівка,Миколаївка-2,Орільське,Партизанське
geonames:9533118	Slobozhanske	48.53201	35.07147	PPL	13556	Слобожанское,Слобожанське,Ювілейне
geonames:9642545	Soltanivka	47.86065	30.1147	PPL	1319	Солтановка,Солтанівка
geonames:9643398	Fruktove	46.73174	35.20123	PPL	1057	Фруктове
geonames:9869409	Tavriiske	46.37324	32.56239	PPL	2089	Таврійське
geonames:9982450	Prychornomorske	46.74445	30.91485	PPL	3689	Першотравневе,Причорноморське
geonames:9983651	Lativka	46.56555	30.71518	PPL	2600	Котовка,Латовка,Латівка
geonames:9983688	Chornomorske	46.58405	30.93068	PPL	7020	Чорноморское,Чорноморське
geonames:9983711	Khlibodarske	46.48455	30.59374	PPL	2570	Хлебодарское,Хлибодарске,Хлібадарскэ,Хлібодарське
geonames:9983712	Avanhard	46.46871	30.61551	PPL	5554	Авангард
geonames:9983718	Cheremushky	46.43251	30.71151	PPL	120000	Черемушки
geonames:9983725	Nova Dolyna	46.40103	30.58279	PPL	1304	Нова Долина,Новая Долина
geonames:9983758	Lymanka	46.38564	30.67736	PPL	13085	Лиманка,Мізікевича
geonames:9984774	Molodizhne	46.31211	30.61554	PPL	2897	Молодижне,Молодіжне
geonames:9986273	Myrne	45.58001	29.46065	PPL	1548	Карачиця,Мирне
geonames:9997560	Maiory	46.53796	30.28125	PPL	1414	Майори,Майоры
geonames:9997869	Kalahliia	46.2855	30.36793	PPL	1650	Калаглия,Калаглія
geonames:9997995	Krasna Kosa	46.3329	30.10016	PPL	1013	Красна Коса,Красная Коса
geonames:10048737	Salhany	46.15253	30.34332	PPL	1186	Салгани
geonames:10048831	Brytivka	46.17409	30.28009	PPL	2818	Бритовка,Бритівка,Олександрталь
geonames:10144522	Ulianivka	46.20748	32.95043	PPL	1060	Улянівка
geonames:10172822	Aviatorske	48.36844	35.08028	PPL	2567	Авиаторское,Авіаторське,Авіятарскэ
geonames:10266721	Kumy	49.34383	35.25437	PPL	1022	Куми
geonames:10350239	Rozkvit	47.12262	30.61618	PPLA3	1050	Розквит,Розквіт
geonames:10830840	Vakulenchuk	49.94489	28.29576	PPL	2192	Вакуленчук,Вакулэнчук
geonames:10951578	Myrne	46.95033	35.4415	PPL	2944	Мирне,Мирное
geonames:11078366	Kozatske	48.337	33.46231	PPL	1088	Козацьке,Петровское,Петрівське
geonames:11078367	Volodymyrivka	48.28754	33.43867	PPL	1080	Владимировка,Володимирівка
geonames:11078457	Kudashivka	48.27176	34.0424	PPL	1117	Гінденбурґ,Кудашевка,Кудашівка
geonames:11114903	Rozsoshentsi	49.54094	34.50565	PPL	9272	Розсошенци,Розсошенці
geonames:11115517	Tereshky	49.55408	34.61334	PPLA3	2450	Терешки
geonames:11115586	Stepne	49.5658	34.80694	PPL	1934	Степне
geonames:11120874	Mozolevske	47.75554	34.38429	PPLA3	1358	Мозолевське,Першотравневе,Першотравневое
geonames:11125116	Doslidne	48.38504	35.03101	PPL	2126	Дослидне,Дослідне
geonames:11125123	Nadiyivka	48.22889	34.75361	PPL	1141	Жданове,Надиевка,Надіївка
geonames:11139624	Mala Kokhnivka	49.07675	33.47958	PPL	1154	Мала Кохновка,Мала Кохнівка
geonames:11145117	Prydnipryanske	48.77791	34.28628	PPL	1711	Придніпрянське,Радянське
geonames:11145127	Ivanivka	48.72479	34.57706	PPL	1957	Іванівка,Ивановка,Колгоспівка
geonames:11149565	Nyva Trudova	47.73088	33.62161	PPLA3	4004	Нива Трудова
geonames:11153636	Sakharna Holovka	44.58362	33.64383	PPL	4146	Сахарна Головка,Сахарная Головка
geonames:11177670	Shyroke	46.94345	34.93157	PPL	1048	Широке
geonames:11180485	Skorodystyk	49.53519	32.31266	PPL	1269	Скородистик
geonames:11180835	Vitove	49.10619	32.75104	PPL	1138	Витово,Вітове
geonames:11183744	Pidhaytsi	48.58822	32.25118	PPL	1145	Пидгайци,Підгайці
geonames:11183753	Nove	48.52725	32.12223	PPL	8533	Нове,Новое
geonames:11183847	Marto-Ivanivka	48.64184	33.09879	PPL	1117	Марто-Іванівка,Марто-Ивановка
geonames:11204631	Yarkoye Pole	45.20581	35.19848	PPLA3	4914	Красный Терчек,Ярке Поле,Яркое Поле
geonames:11314768	Staryi Liubar	49.92585	27.73748	PPL	1658	Старий Любар,Старый Любар
geonames:11497259	Smotrych	48.66149	26.56031	PPL	1254	Смотрич,Татариски
geonames:11524199	Polyanetske	48.7017	30.21064	PPL	1291	Полянецкое,Полянецьке
geonames:11524333	Hlybochok	48.86686	30.79897	PPLA2	0	Глибочек,Глибочок,Глубочок
geonames:11550381	Nova Pryluka	49.37488	28.69955	PPL	1947	Нова Прилука,Новая Прилука
geonames:11557927	Zelenyi Hai	46.94244	32.24178	PPL	1128	Зелений Гай,Зелёный Гай
geonames:11564319	Tsentralne	46.90711	32.47042	PPL	1012	Центральне,Центральное
geonames:11564321	Bratske	46.35641	32.1673	PPL	4953	Індустріальне,Братське
geonames:11566276	Mykolayivske	46.92924	32.1256	PPL	1006	Миколаївське,Николаевское
geonames:11566277	Polihon	46.97777	32.129	PPL	2750	Полигон,Полігон
geonames:11750332	Husiatyn	49.07015	26.22299	PPL	1311	Гусятин
geonames:11778463	Khoroshiv	50.59484	28.44489	PPLA3	7337	Володарск-Волынский,Горошки,Хорашыў,Хорошев,Хорошов,Хорошів
geonames:11802110	Novi Chobruchi	46.86698	30.0658	PPL	1052	Новые Чобручи,Нові Чобручі
geonames:11805246	Troiandove	46.89371	30.85753	PPL	1623	Кирово,Кірове,Траяндавэ,Трояндове,Трояндовое
geonames:11810438	Bila	49.58723	25.57737	PPL	3324	Белая
geonames:11812205	Berlyn	50.11992	25.07612	PPL	1128	Берлин,Хмільове
geonames:11817987	Tarasivtsi	48.20557	26.36444	PPL	5330	Тарасовцы,Тарасівці
geonames:11822749	Zdorivka	50.19857	30.25303	PPL	1340	Здоровка,Здорівка
geonames:11876375	Illinivka	48.49382	37.66321	PPL	1124	Іллінівка,Ілліча,Ильиновка,Ильича
geonames:11876529	Horodok	50.59483	29.4607	PPL	2801	Городок,Макарів-1
geonames:12129128	Reni	45.45421	28.27731	PPLA2	18530	Рени,Рені,Рэні
geonames:12148846	Dubynove	48.1339	30.28673	PPL	1216	Дубинове
geonames:12156175	Dovhopillya	48.07154	24.98021	PPL	1227	Довгопілля,Долгополье
geonames:12156370	Prypruttya	48.25521	26.16782	PPL	2206	Припруття,Припрутье
geonames:12156374	Dranytsya	48.22735	26.53286	PPL	1886	Драница,Драниця
geonames:12156376	Dumeny	48.22174	26.50091	PPL	1186	Думени,Думены
geonames:12156377	Kostychany	48.2258	26.51545	PPL	3450	Костичани,Костичаны
geonames:12156386	Vartykivtsi	48.43426	26.79316	PPL	1457	Вартиковцы,Вартиківці
geonames:12156404	Shyshkivtsi	48.44162	27.15012	PPL	1446	Шишковцы,Шишківці
geonames:12156419	Vladychna	48.42728	26.34034	PPL	1742	Владична,Владычна
geonames:12156558	Pervomayske	47.04274	32.43996	PPL	2763	Первомайское,Первомайське
geonames:12156613	Hrushivka	48.02453	30.93492	PPL	1150	Грушевка,Грушівка
geonames:12233194	Vita-Lytovska	50.32629	30.55079	PPL	2300	Вита-Литовская,Віта-Литовська,Чапаєвка
geonames:12240920	Stara Mykolayivka	50.22132	25.76773	PPL	1024	Стара Миколаївка
geonames:12324213	Berkovets	50.49449	30.37008	PPL	1500	Берковець
geonames:12359330	Novi Kodaky	48.48667	34.95639	PPL	15000	Новий Кодак,Нові Кайдаки,Нові Кодаки
geonames:12435968	Teterivka	50.23568	28.5672	PPL	2498	Тетеровка,Тетерівка
geonames:12662540	Vilcha	50.24625	36.94173	PPL	1658	Вильча,Вільча
geonames:13118881	Novyi Kalyniv	49.55977	23.30612	PPL	4233	Новий Калинів
geonames:13118887	Ahronomichne	49.18981	28.37212	PPLA3	4621	Агрономичне,Агрономічне
geonames:13118888	Pidhorodnye	49.53593	25.52384	PPL	1304	Пидгородне,Підгородне,Підгороднє
geonames:13450448	Hermanivka	49.99377	30.56145	PPL	1105	Германовка,Германівка,Красне-2
geonames:13513215	Sofiivska Borschahivka	50.40931	30.35908	PPL	25882	Сафіеўская Баршчагоўка,Софиевская Борщаговка,Софіївська Борщагівка
geonames:13519314	Helmiaziv	49.82174	31.83582	PPLA3	4779	Гельмязов,Гельмязів
geonames:13545876	Lashky	49.10509	33.46791	PPLL	3000	Лашки,Млинки-Лашки
geonames:13546522	Zhulyany	50.39428	30.44057	PPLL	6400	Жуляни
geonames:13589098	Shamrayeve	48.29924	30.2174	PPL	1491	Шамраеве,Шамраєве
geonames:13589106	Novoselytsya	48.30562	30.29027	PPL	1150	Новоселиця
geonames:13589474	Saperna Slobidka	50.40077	30.5349	PPL	20200	Саперна Слобидка,Саперна Слобідка
geonames:13590114	Dokuchayeve	47.83002	32.63003	PPL	1185	Докучаеве,Докучаєве
geonames:13607655	Khanzhonkivskyi	48.09512	38.04202	PPL	53040	Совєтський,Совєтський район,Ханжонківський,Ханжонківський район
geonames:13607907	Pomichna	48.21656	31.43784	PPL	1309	Помична,Помічна,Помічна (село),село Помічна
